sentence,translation,pronunciation,tts_pronunciation,tags,cloze,key_meaning
予約したいのですが。,I'd like to make a reservation.,予約【よやく】したいのですが。,よやくしたいのですが。,restaurant,予約,reservation
何名様ですか?,How many people?,何【なん】名【めい】様【さま】ですか?,なんめいさまですか?,restaurant,何名様,how many people
2名です。,Two people.,2名【めい】です。,2めいです。,restaurant,2名,two people
禁煙席をお願いします。,Non-smoking section please.,禁煙【きんえん】席【せき】をお願い【ねがい】します。,きんえんせきを、おねがいします。,restaurant,禁煙席,non-smoking
メニューをください。,Menu please.,メニューをください。,メニューを、ください。,restaurant,メニュー,menu
注文をお願いします。,I'd like to order.,注文【ちゅうもん】をお願い【ねがい】します。,ちゅうもんを、おねがいします。,restaurant,注文,order
おすすめは何ですか?,What do you recommend?,おすすめは何【なん】ですか?,おすすめはなんですか?,restaurant,おすすめ,recommendation
これは何が入っていますか?,What's in this?,これは何【なに】が入っ【はいっ】ていますか?,これはなにが、はいっていますか?,restaurant,何が入っている,what's in it
アレルギーがあるのですが。,I have allergies.,アレルギーがあるのですが。,アレルギーが、あるのですが。,restaurant,アレルギー,allergy
子供用の椅子はありますか?,Do you have a high chair?,子供【こども】用【よう】の椅子【いす】はありますか?,こどもようのいすはありますか?,restaurant,子供用の椅子,high chair
お水をください。,Water please.,お水【みず】をください。,おみずを、ください。,restaurant,お水,water
お会計をお願いします。,Check please.,お会計【かいけい】をお願い【ねがい】します。,おかいけいを、おねがいします。,restaurant,お会計,check/bill
今夜はお寿司にしよう。,Let's go to sushi tonight.,今夜【こんや】はお寿司【すし】にしよう。,こんやは、おすしにしよう。,restaurant,お寿司,sushi
持ち帰りできますか?,Can we get this to go?,持ち帰り【もちかえり】できますか?,もちかえりできますか?,restaurant,持ち帰り,takeout
ごちそうさまでした。,Thank you for the meal.,ごちそうさまでした。,ごちそうさまでした。,restaurant,ごちそうさま,thanks for meal
今夜は外食しよう。,Let's eat out tonight.,今夜【こんや】は外食【がいしょく】しよう。,こんやはがいしょくしよう。,restaurant,外食,eating out
何が食べたい気分?,What are you in the mood for?,何【なに】が食べ【たべ】たい気分【きぶん】?,なにが、たべたいきぶん?,restaurant,気分,mood
和食と洋食どっちがいい?,Japanese or Western food?,和食【わしょく】と洋食【ようしょく】どっちがいい?,わしょくとようしょくどっちがいい?,restaurant,和食と洋食,Japanese and Western
新しいお店を試してみよう。,Let's try a new place.,新しい【あたらしい】お店【みせ】を試し【ためし】てみよう。,あたらしいおみせを、ためしてみよう。,restaurant,お店,restaurant
口コミで評判がいいお店。,A restaurant with good reviews.,口コミ【くちこみ】で評判【ひょうばん】がいいお店【みせ】。,くちこみでひょうばんが、いいおみせ。,restaurant,評判,reputation
駐車場があるお店がいいな。,I'd like a place with parking.,駐車【ちゅうしゃ】場【じょう】があるお店【みせ】がいいな。,ちゅうしゃじょうが、あるおみせが、いいな。,restaurant,駐車場,parking
子連れでも大丈夫ですか?,Is it okay to bring children?,子連れ【こづれ】でも大丈夫【だいじょうぶ】ですか?,こづれでもだいじょうぶですか?,restaurant,子連れ,with children
個室はありますか?,Do you have private rooms?,個室【こしつ】はありますか?,こしつはありますか?,restaurant,個室,private room
座敷席をお願いします。,Tatami seating please.,座敷【ざしき】席【せき】をお願い【ねがい】します。,ざしきせきを、おねがいします。,restaurant,座敷席,tatami seating
テーブル席でお願いします。,Table seating please.,テーブル席【せき】でお願い【ねがい】します。,テーブルせきでおねがいします。,restaurant,テーブル席,table seating
ベビーカーでも入れますか?,Can I bring a stroller?,ベビーカーでも入れ【いれ】ますか?,ベビーカーでもいれますか?,restaurant,ベビーカー,stroller
お子様メニューはありますか?,Do you have a kids menu?,お子【こ】様【さま】メニューはありますか?,おこさまメニューはありますか?,restaurant,お子様メニュー,kids menu
ご飯大盛りでお願いします。,A large serving of rice please.,ご飯【ごはん】大盛り【おおもり】でお願い【ねがい】します。,ごはんおおもりで、おねがいします。,restaurant,大盛り,large serving
辛くしないでください。,Please don't make it spicy.,辛く【からく】しないでください。,からくしないでください。,restaurant,辛い,spicy
ネギ抜きでお願いします。,Without green onions please.,ネギ抜き【ぬき】でお願い【ねがい】します。,ネギぬきでおねがいします。,restaurant,ネギ,green onion
卵アレルギーがあります。,I have an egg allergy.,卵【たまご】アレルギーがあります。,たまごアレルギーが、あります。,restaurant,卵アレルギー,egg allergy
卵を使っていますか?,Does this contain eggs?,卵【たまご】を使っ【つかっ】ていますか?,たまごを、つかっていますか?,restaurant,卵,egg
おすすめは何ですか?,What do you recommend?,おすすめは何【なん】ですか?,おすすめはなんですか?,restaurant,おすすめ,recommendation
本日のランチは何ですか?,What's today's lunch special?,本日【ほんじつ】のランチは何【なん】ですか?,ほんじつのランチはなんですか?,restaurant,本日のランチ,today's lunch
セットにできますか?,Can I make it a set?,セットにできますか?,セットにできますか?,restaurant,セット,set
ドリンクバーはありますか?,Do you have a drink bar?,ドリンクバーはありますか?,ドリンクバーはありますか?,restaurant,ドリンクバー,drink bar
食べ放題はいくらですか?,How much is all-you-can-eat?,食べ【たべ】放題【ほうだい】はいくらですか?,たべほうだいはいくらですか?,restaurant,食べ放題,all-you-can-eat
飲み放題をつけますか?,Would you like all-you-can-drink?,飲み【のみ】放題【ほうだい】をつけますか?,のみほうだいを、つけますか?,restaurant,飲み放題,all-you-can-drink
まだ注文していいですか?,Can I still order?,まだ注文【ちゅうもん】していいですか?,まだちゅうもんしていいですか?,restaurant,まだ,still
追加注文をお願いします。,I'd like to order more.,追加【ついか】注文【ちゅうもん】をお願い【ねがい】します。,ついかちゅうもんを、おねがいします。,restaurant,追加注文,extra order
もう少し待ってください。,Please wait a little longer.,もう少し【すこし】待っ【まっ】てください。,もうすこしまってください。,restaurant,もう少し,a little more
すみません注文いいですか?,Excuse me may I order?,すみません注文【ちゅうもん】いいですか?,すみません、ちゅうもんいいですか?,restaurant,注文,order
お水のおかわりをください。,More water please.,お水【みず】のおかわりをください。,おみずのおかわりを、ください。,restaurant,お水,water
取り皿をいただけますか?,Could I have a small plate?,取り皿【とりざら】をいただけますか?,とりざらを、いただけますか?,restaurant,取り皿,small plate
ナプキンをもらえますか?,Could I have a napkin?,ナプキンをもらえますか?,ナプキンを、もらえますか?,restaurant,ナプキン,napkin
おしぼりをください。,Wet towel please.,おしぼりをください。,おしぼりを、ください。,restaurant,おしぼり,wet towel
お冷やをください。,Cold water please.,お冷や【ひや】をください。,おひやを、ください。,restaurant,お冷や,cold water
熱いお茶をください。,Hot tea please.,熱い【あつい】お茶【ちゃ】をください。,あついおちゃを、ください。,restaurant,お茶,tea
これ私の一番好きな料理。,This is my favorite dish.,これ私【わたし】の一番【いちばん】好き【すき】な料理【りょうり】。,これ、わたしのいちばんすきなりょうり。,restaurant,一番,favorite
何にする?一緒のにしようか。,What are you having? Should we get the same thing?,何【なに】にする?一緒【いっしょ】のにしようか。,なににする?いっしょのにしようか。,restaurant,一緒,together
今日は私がご馳走します。,It's my treat today.,今日【きょう】は私【わたくし】がご馳走【ちそう】します。,きょうはわたくしが、ごちそうします。,restaurant,ご馳走,treat
ご馳走になります。,Thank you for the meal.,ご馳走【ちそう】になります。,ごちそうになります。,restaurant,ご馳走,treat
とても美味しかったです。,It was very delicious.,とても美味しかっ【おいしかっ】たです。,とてもおいしかったです。,restaurant,美味しい,delicious
また来たいです。,I'd like to come again.,また来【き】たいです。,また、きたいです。,restaurant,美味しい,delicious
雰囲気がいいお店ですね。,This place has nice atmosphere.,雰囲気【ふんいき】がいいお店【みせ】ですね。,ふんいきが、いいおみせですね。,restaurant,雰囲気,atmosphere
サービスが良かった。,The service was good.,サービスが良かっ【よかっ】た。,サービスが、よかった。,restaurant,サービス,service
デザートは別腹だよね。,There's always room for dessert.,デザートは別腹【べつばら】だよね。,デザートはべつばらだよね。,restaurant,別腹,dessert stomach
コーヒーで締めよう。,Let's finish with coffee.,コーヒーで締めよう【しめよう】。,コーヒーでしめよう。,restaurant,締める,finish/wrap up
長居してしまった。,We stayed too long.,長居【ながい】してしまった。,ながいしてしまった。,restaurant,長居,staying long
そろそろ帰ろうか。,Shall we head home?,そろそろ帰ろう【かえろう】か。,そろそろかえろうか。,restaurant,帰る,go home
お腹いっぱいになった。,I'm full.,お腹【おなか】いっぱいになった。,おおなかいっぱいになった。,restaurant,お腹いっぱい,full
食べ過ぎちゃった。,I ate too much.,食べ【たべ】過ぎ【すぎ】ちゃった。,たべすぎちゃった。,restaurant,食べ過ぎる,eat too much
美味しかったね。,It was delicious wasn't it.,美味しかっ【おいしかっ】たね。,おいしかったね。,restaurant,美味しい,delicious
今度は別のお店に行こう。,Let's go to a different place next time.,今度【こんど】は別【べつ】のお店【みせ】に行こう【いこう】。,こんどはべつのおみせにいこう。,restaurant,今度,next time
起きる時間だよ。,It's time to wake up.,起きる【おきる】時間【じかん】だよ。,おきるじかんだよ。,daily-routine,起きる,wake up
朝ごはんを食べなさい。,Eat your breakfast.,朝ごはん【あさごはん】を食べ【たべ】なさい。,あさごはんを、たべなさい。,daily-routine,朝ごはん,breakfast
歯を磨いた?,Did you brush your teeth?,歯【は】を磨い【みがい】た?,はを、みがいた?,daily-routine,歯を磨く,brush teeth
顔を洗ってきて。,Go wash your face.,顔【かお】を洗っ【あらっ】てきて。,かおを、あらってきて。,daily-routine,顔を洗う,wash face
着替えなさい。,Get changed.,着替え【きがえ】なさい。,きがえなさい。,daily-routine,着替える,change clothes
忘れ物ない?,Do you have everything?,忘れ物【わすれもの】ない?,わすれものない?,daily-routine,忘れ物,forgotten item
いってらっしゃい。,Have a good day.,いってらっしゃい。,いってらっしゃい。,daily-routine,いってらっしゃい,have a good day
おかえりなさい。,Welcome home.,おかえりなさい。,おかえりなさい。,daily-routine,おかえりなさい,welcome back
手を洗ってね。,Wash your hands.,手【て】を洗っ【あらっ】てね。,てを、あらってね。,daily-routine,手,hand-wash
うがいをしてね。,Gargle please.,うがいをしてね。,うがいを、してね。,daily-routine,うがい,gargle
宿題やった?,Did you do your homework?,宿題【しゅくだい】やった?,しゅくだいやった?,daily-routine,宿題,homework
おやつを食べていいよ。,You can have a snack.,おやつを食べ【たべ】ていいよ。,おやつを、たべていいよ。,daily-routine,おやつ,snack
テレビは宿題の後でね。,TV after homework.,テレビは宿題【しゅくだい】の後【あと】でね。,テレビはしゅくだいのあとでね。,daily-routine,後,after
お風呂に入りなさい。,Take a bath.,お風呂【ふろ】に入り【はいり】なさい。,おふろにはいりなさい。,daily-routine,風呂,bath
もう寝る時間だよ。,It's bedtime.,もう寝る【ねる】時間【じかん】だよ。,もうねるじかんだよ。,daily-routine,寝る時間,bedtime
おやすみなさい。,Good night.,おやすみなさい。,おやすみなさい。,daily-routine,おやすみなさい,good night
電気を消して。,Turn off the light.,電気【でんき】を消し【けし】て。,でんきを、けして。,daily-routine,電気,electricity
早く起きなさい。,Wake up early.,早く【はやく】起き【おき】なさい。,はやくおきなさい。,daily-routine,早く起きる,wake up early
遅刻するよ。,You'll be late.,遅刻【ちこく】するよ。,ちこくするよ。,daily-routine,遅刻,being late
急いで!,Hurry up!,急い【いそい】で!,いそいで!,daily-routine,急いで,hurry
ゆっくり食べて。,Eat slowly.,ゆっくり食べ【たべ】て。,ゆっくりたべて。,daily-routine,ゆっくり,slowly
よく噛んでね。,Chew well.,よく噛ん【かん】でね。,よくかんでね。,daily-routine,噛む,chew
野菜も食べなさい。,Eat your vegetables.,野菜【やさい】も食べ【たべ】なさい。,やさいもたべなさい。,daily-routine,野菜,vegetables
残さないでね。,Don't leave any.,残さ【のこさ】ないでね。,のこさないでね。,daily-routine,残さない,not leave food
おかわりする?,Do you want seconds?,おかわりする?,おかわりする?,daily-routine,おかわり,seconds/refill
お茶を入れようか?,Shall I make tea?,お茶【ちゃ】を入れよう【いれよう】か?,おちゃを、いれようか?,daily-routine,お茶,tea
コーヒーを淹れて。,Make coffee.,コーヒーを淹れ【いれ】て。,コーヒーを、いれて。,daily-routine,コーヒー,coffee
牛乳を飲んでね。,Drink your milk.,牛乳【ぎゅうにゅう】を飲ん【のん】でね。,ぎゅうにゅうを、のんでね。,daily-routine,牛乳,milk
果物を食べる?,Do you want fruit?,果物【くだもの】を食べる【たべる】?,くだものを、たべる?,daily-routine,果物,fruit
アイスは夕飯の後でね。,Ice cream after dinner.,アイスは夕飯【ゆうはん】の後【あと】でね。,アイスはゆうはんのあとでね。,daily-routine,夕飯,dinner
喉が渇いた。,I'm thirsty.,喉【のど】が渇い【かわい】た。,のどが、かわいた。,daily-routine,喉,thirsty
お腹すいた。,I'm hungry.,お腹【おなか】すいた。,おおなかすいた。,daily-routine,お腹がすく,get hungry
疲れた。,I'm tired.,疲れ【つかれ】た。,つかれた。,daily-routine,疲れる,get tired
眠い。,I'm sleepy.,眠い【ねむい】。,ねむい。,daily-routine,眠い,sleepy
暑いね。,It's hot isn't it.,暑い【あつい】ね。,あついね。,daily-routine,暑い,hot
寒いね。,It's cold isn't it.,寒い【さむい】ね。,さむいね。,daily-routine,寒い,cold
エアコンをつけて。,Turn on the air conditioner.,エアコンをつけて。,エアコンを、つけて。,daily-routine,エアコン,air conditioner
窓を開けて。,Open the window.,窓【まど】を開け【あけ】て。,まどを、あけて。,daily-routine,窓,window
窓を閉めて。,Close the window.,窓【まど】を閉め【しめ】て。,まどを、しめて。,daily-routine,窓,window
カーテンを開けて。,Open the curtains.,カーテンを開け【あけ】て。,カーテンを、あけて。,daily-routine,カーテン,curtain
カーテンを閉めて。,Close the curtains.,カーテンを閉め【しめ】て。,カーテンを、しめて。,daily-routine,カーテン,curtain
ドアを閉めてね。,Close the door.,ドアを閉め【しめ】てね。,ドアを、しめてね。,daily-routine,ドア,door
鍵をかけた?,Did you lock it?,鍵【かぎ】をかけた?,かぎを、かけた?,daily-routine,鍵,key
電話が鳴ってる。,The phone is ringing.,電話【でんわ】が鳴っ【なっ】てる。,でんわが、なってる。,daily-routine,鳴る,ring
誰か来たみたい。,Someone's here.,誰【だれ】か来【き】たみたい。,だれかきたみたい。,daily-routine,誰か来た,someone came
玄関に出てくる。,I'll get the door.,玄関【げんかん】に出【で】てくる。,げんかんにでてくる。,daily-routine,玄関,entrance
ちょっと待ってて。,Wait a moment.,ちょっと待っ【まっ】てて。,ちょっとまってて。,daily-routine,待つ,wait
すぐ戻るから。,I'll be right back.,すぐ戻る【もどる】から。,すぐもどるから。,daily-routine,戻る,return
何してるの?,What are you doing?,何【なに】してるの?,なにしてるの?,daily-routine,何,what
どこに行くの?,Where are you going?,どこに行く【いく】の?,どこにいくの?,daily-routine,行く,go
いつ帰ってくる?,When will you be back?,いつ帰っ【かえっ】てくる?,いつかえってくる?,daily-routine,帰る,return home
ご飯の支度ができたよ。,Dinner is ready.,ご飯【ごはん】の支度【したく】ができたよ。,ごはんのしたくが、できたよ。,daily-routine,支度,preparation
食べ終わったら片付けて。,Clean up when you're done eating.,食べ【たべ】終わっ【おわっ】たら片付け【かたづけ】て。,たべおわったらかたづけて。,daily-routine,片付ける,clean up
お皿を下げて。,Clear the dishes.,お皿【さら】を下げ【さげ】て。,おさらを、さげて。,daily-routine,お皿を下げる,clear dishes
テーブルを拭いて。,Wipe the table.,テーブルを拭い【ふい】て。,テーブルを、ふいて。,daily-routine,テーブル,table
食器を洗ってくれる?,Can you wash the dishes?,食器【しょっき】を洗っ【あらっ】てくれる?,しょっきを、あらってくれる?,daily-routine,食器を洗う,wash dishes
お風呂が沸いたよ。,The bath is ready.,お風呂【ふろ】が沸い【わい】たよ。,おふろが、わいたよ。,daily-routine,お風呂,bath
お風呂のお湯を足して。,Add more water to the bath.,お風呂【ふろ】のお湯【ゆ】を足し【たし】て。,おふろのおゆを、たして。,daily-routine,湯,hot water
シャンプーが切れそう。,We're almost out of shampoo.,シャンプーが切れ【きれ】そう。,シャンプーが、きれそう。,daily-routine,シャンプー,shampoo
タオルを持ってきて。,Bring a towel.,タオルを持っ【もっ】てきて。,タオルを、もってきて。,daily-routine,タオル,towel
髪を乾かして。,Dry your hair.,髪【かみ】を乾かし【かわかし】て。,かみを、かわかして。,daily-routine,髪,hair
パジャマに着替えて。,Change into pajamas.,パジャマに着替え【きがえ】て。,パジャマにきがえて。,daily-routine,パジャマ,pajamas
布団を敷いて。,Lay out the futon.,布団【ふとん】を敷い【しい】て。,ふとんを、しいて。,daily-routine,布団,futon
枕が高い。,The pillow is too high.,枕【まくら】が高い【たかい】。,まくらが、たかい。,daily-routine,枕,pillow
毛布をかけて。,Put on a blanket.,毛布【もうふ】をかけて。,もうふを、かけて。,daily-routine,毛布,blanket
目覚まし時計をセットして。,Set the alarm clock.,目覚まし【めざまし】時計【とけい】をセットして。,めざましとけいを、セットして。,daily-routine,目覚まし時計,alarm clock
何時に起きる?,What time will you wake up?,何【なん】時【じ】に起きる【おきる】?,なんじにおきる?,daily-routine,何時,what time
今日という日に感謝。,Grateful for today.,今日【きょう】という日【ひ】に感謝【かんしゃ】。,きょうというひにかんしゃ。,daily-routine,今日という日,this day
家族がいて幸せ。,I'm happy to have family.,家族【かぞく】がいて幸せ【しあわせ】。,かぞくが、いてしあわせ。,daily-routine,家族,family
毎日を大切に生きよう。,Let's cherish each day.,毎日【まいにち】を大切【たいせつ】に生きよう【いきよう】。,まいにちを、たいせつにいきよう。,daily-routine,毎日,every day
病院の予約を取りました。,I made a doctor's appointment.,病院【びょういん】の予約【よやく】を取り【とり】ました。,びょういんのよやくを、とりました。,medical,病院,hospital
保険証を持っていますか?,Do you have your insurance card?,保険【ほけん】証【しょう】を持っ【もっ】ていますか?,ほけんしょうを、もっていますか?,medical,保険証,insurance card
症状を教えてください。,Please tell me your symptoms.,症状【しょうじょう】を教え【おしえ】てください。,しょうじょうを、おしえてください。,medical,症状,symptoms
いつから具合が悪いですか?,Since when have you felt unwell?,いつから具合【ぐあい】が悪い【わるい】ですか?,いつからぐあいが、わるいですか?,medical,具合,condition
処方箋をもらいました。,I received a prescription.,処方【しょほう】箋【せん】をもらいました。,しょほうせんを、もらいました。,medical,処方箋,prescription
薬局に行ってくる。,I'll go to the pharmacy.,薬局【やっきょく】に行っ【いっ】てくる。,やっきょくにいってくる。,medical,薬局,pharmacy
この薬は食後に飲んでください。,Please take this medicine after meals.,この薬【くすり】は食後【しょくご】に飲ん【のん】でください。,このくすりはしょくごにのんでください。,medical,薬,medicine
副作用はありますか?,Are there any side effects?,副【ふく】作用【さよう】はありますか?,ふくさようはありますか?,medical,副作用,side effects
アレルギーの薬を飲んでいます。,I'm taking allergy medicine.,アレルギーの薬【くすり】を飲ん【のん】でいます。,アレルギーのくすりを、のんでいます。,medical,アレルギーの薬,allergy medicine
検査を受けなきゃ。,I need to get tested.,検査【けんさ】を受け【うけ】なきゃ。,けんさを、うけなきゃ。,medical,検査,test/exam
健康診断の結果が来た。,The health checkup results arrived.,健康【けんこう】診断【しんだん】の結果【けっか】が来【き】た。,けんこうしんだんのけっかが、きた。,medical,健康診断,health checkup
熱が下がらない。,The fever won't go down.,熱【ねつ】が下がら【さがら】ない。,ねつが、さがらない。,medical,熱,fever
咳が止まらない。,I can't stop coughing.,咳【せき】が止まら【とまら】ない。,せきが、とまらない。,medical,咳,cough
鼻水が出る。,I have a runny nose.,鼻水【はなみず】が出る【でる】。,はなみずが、でる。,medical,鼻水,runny nose
喉が痛い。,My throat hurts.,喉【のど】が痛い【いたい】。,のどが、いたい。,medical,喉,throat
頭痛がひどい。,I have a terrible headache.,頭痛【ずつう】がひどい。,ずつうが、ひどい。,medical,頭痛,headache
めまいがする。,I feel dizzy.,めまいがする。,めまいがする。,medical,めまい,dizziness
診察券をお持ちですか?,Do you have your patient card?,診察【しんさつ】券【けん】をお持ち【もち】ですか?,しんさつけんを、おもちですか?,medical,診察券,patient card
初診ですか?,Is this your first visit?,初診【しょしん】ですか?,しょしんですか?,medical,初診,first visit
問診票に記入してください。,Please fill out the questionnaire.,問診【もんしん】票【ひょう】に記入【きにゅう】してください。,もんしんひょうにきにゅうしてください。,medical,問診票,questionnaire
待合室でお待ちください。,Please wait in the waiting room.,待合【まちあい】室【しつ】でお待ち【まち】ください。,まちあいしつでおまちください。,medical,問診票,questionnaire
お名前が呼ばれましたら。,When your name is called.,お名前【なまえ】が呼ば【よば】れましたら。,おなまえが、よばれましたら。,medical,名前,name
血圧を測りますね。,I'll take your blood pressure.,血圧【けつあつ】を測り【はかり】ますね。,けつあつを、はかりますね。,medical,名前,name
体温を測ってください。,Please take your temperature.,体温【たいおん】を測っ【はかっ】てください。,たいおんを、はかってください。,medical,体温,body temperature
深呼吸してください。,Please take a deep breath.,深【しん】呼吸【こきゅう】してください。,しんこきゅうしてください。,medical,深呼吸,deep breath
お腹を見せてください。,Please show me your stomach.,お腹【おなか】を見せ【みせ】てください。,おおなかを、みせてください。,medical,お腹,stomach
どこが痛いですか?,Where does it hurt?,どこが痛い【いたい】ですか?,どこがいたいですか?,medical,痛い,hurt/painful
いつからですか?,Since when?,いつからですか?,いつからですか?,medical,いつからですか,when
熱はありますか?,Do you have a fever?,熱【ねつ】はありますか?,ねつはありますか?,medical,熱,fever
食欲はありますか?,Do you have an appetite?,食欲【しょくよく】はありますか?,しょくよくはありますか?,medical,食欲,appetite
眠れていますか?,Are you sleeping well?,眠れ【ねむれ】ていますか?,ねむれていますか?,medical,眠れる,able to sleep
お薬は何か飲んでいますか?,Are you taking any medication?,お薬【くすり】は何【なん】か飲ん【のん】でいますか?,おくすりはなんかのんでいますか?,medical,お薬,medicine
アレルギーはありますか?,Do you have any allergies?,アレルギーはありますか?,アレルギーはありますか?,medical,アレルギー,allergy
妊娠の可能性はありますか?,Is there a possibility of pregnancy?,妊娠【にんしん】の可能【かのう】性【せい】はありますか?,にんしんのかのうせいはありますか?,medical,妊娠,pregnancy
授乳中ですか?,Are you breastfeeding?,授乳【じゅにゅう】中【ちゅう】ですか?,じゅにゅうちゅうですか?,medical,授乳中,breastfeeding
検査結果が出ました。,The test results are in.,検査【けんさ】結果【けっか】が出【で】ました。,けんさけっかが、でました。,medical,検査結果,test results
特に問題ありません。,There are no problems.,特に【とくに】問題【もんだい】ありません。,とくに、もんだいありません。,medical,問題,problem
精密検査が必要です。,You need a detailed examination.,精密【せいみつ】検査【けんさ】が必要【ひつよう】です。,せいみつけんさが、ひつようです。,medical,精密検査,detailed exam
紹介状を書きます。,I'll write a referral letter.,紹介【しょうかい】状【じょう】を書き【かき】ます。,しょうかいじょうを、かきます。,medical,紹介状,referral letter
大きい病院に行ってください。,Please go to a larger hospital.,大きい【おおきい】病院【びょういん】に行っ【いっ】てください。,おおきいびょういんにいってください。,medical,病院,hospital
お薬を出しておきます。,I'll prescribe some medicine.,お薬【くすり】を出し【だし】ておきます。,おくすりを、だしておきます。,medical,薬,medicine
1日3回食後に飲んでください。,Take it three times a day after meals.,1日【ついたち】3回【かい】食後【しょくご】に飲ん【のん】でください。,1ついたち3かいしょくごにのんでください。,medical,1日3回,three times a day
眠くなることがあります。,It may make you drowsy.,眠く【ねむく】なることがあります。,ねむくなることがあります。,medical,眠くなる,get drowsy
お酒は控えてください。,Please avoid alcohol.,お酒【さけ】は控え【ひかえ】てください。,おさけはひかえてください。,medical,お酒,alcohol
安静にしてください。,Please rest.,安静【あんせい】にしてください。,あんせいにしてください。,medical,お酒,alcohol
お風呂は控えてください。,Please avoid bathing.,お風呂【ふろ】は控え【ひかえ】てください。,おふろはひかえてください。,medical,風呂,bath
様子を見てください。,Please monitor your condition.,様子【ようす】を見【み】てください。,ようすを、みてください。,medical,様子,condition
良くならなかったら来てください。,Come back if it doesn't improve.,良く【よく】ならなかったら来【き】てください。,よくならなかったらきてください。,medical,良くなる,get better
お大事にしてください。,Please take care.,お大事【だいじ】にしてください。,おだいじにしてください。,medical,お大事に,take care
次回の予約を取りますか?,Shall we schedule your next appointment?,次回【じかい】の予約【よやく】を取り【とり】ますか?,じかいのよやくを、とりますか?,medical,次回,next time
保険は効きますか?,Is this covered by insurance?,保険【ほけん】は効き【きき】ますか?,ほけんはききますか?,medical,保険,insurance
自費になります。,This will be out of pocket.,自費【じひ】になります。,じひになります。,medical,自費,out of pocket
診断書が必要です。,I need a medical certificate.,診断【しんだん】書【しょ】が必要【ひつよう】です。,しんだんしょが、ひつようです。,medical,診断書,medical certificate
インフルエンザの予防接種をしたい。,I'd like to get a flu shot.,インフルエンザの予防【よぼう】接種【せっしゅ】をしたい。,インフルエンザのよぼうせっしゅを、したい。,medical,予防接種,vaccination
健康診断を受けたい。,I'd like to have a health checkup.,健康【けんこう】診断【しんだん】を受け【うけ】たい。,けんこうしんだんを、うけたい。,medical,健康診断,health
人間ドックの予約を取りたい。,I'd like to schedule a complete checkup.,人間【にんげん】ドックの予約【よやく】を取り【とり】たい。,にんげんドックのよやくを、とりたい。,medical,人間ドック,comprehensive checkup
おうちでゆっくり休んでね。,Rest well at home.,おうちでゆっくり休ん【やすん】でね。,おうちでゆっくりやすんでね。,medical,休む,rest
無理しないでね。,Don't overdo it.,無理【むり】しないでね。,むりしないでね。,medical,休む,rest
早く良くなってね。,Get well soon.,早く【はやく】良く【よく】なってね。,はやくよくなってね。,medical,良くなる,get better
心配しないで大丈夫だよ。,Don't worry it'll be fine.,心配【しんぱい】しないで大丈夫【だいじょうぶ】だよ。,しんぱいしないでだいじょうぶだよ。,medical,心配,worry
何かあったらすぐ電話して。,Call right away if something happens.,何【なん】かあったらすぐ電話【でんわ】して。,なんかあったらすぐでんわして。,medical,心配,worry
具合どう?,How are you feeling?,具合【ぐあい】どう?,ぐあいどう?,medical,具合,condition
少し良くなった?,Do you feel a little better?,少し【すこし】良く【よく】なった?,すこしよくなった?,medical,少し,a little
まだ熱がある?,Do you still have a fever?,まだ熱【ねつ】がある?,まだねつが、ある?,medical,熱,fever
ご飯食べられそう?,Do you think you can eat?,ご飯【ごはん】食べ【たべ】られそう?,ごはんたべられそう?,medical,ご飯,meal
何か食べたいものある?,Is there anything you want to eat?,何【なん】か食べ【たべ】たいものある?,なんかたべたいものある?,medical,何か,something
おかゆを作ろうか?,Shall I make rice porridge?,おかゆを作ろう【つくろう】か?,おかゆを、つくろうか?,medical,おかゆ,porridge
氷枕を持ってくるね。,I'll bring an ice pillow.,氷枕【こおりまくら】を持っ【もっ】てくるね。,こおりまくらを、もってくるね。,medical,氷枕,ice pillow
熱冷ましシートを貼ろう。,Let's put on a cooling sheet.,熱冷まし【ねつさまし】シートを貼ろう【はろう】。,ねつさましシートを、はろう。,medical,熱冷ましシート,cooling sheet
水分を取ってね。,Stay hydrated.,水分【すいぶん】を取っ【とっ】てね。,すいぶんを、とってね。,medical,水分,fluids
スポーツドリンクを飲んで。,Drink sports drinks.,スポーツドリンクを飲ん【のん】で。,スポーツドリンクを、のんで。,medical,水分,fluids
トイレに行きたい時は呼んでね。,Call me when you need to go to the bathroom.,トイレに行き【いき】たい時【とき】は呼ん【よん】でね。,トイレにいきたいときはよんでね。,medical,トイレ,bathroom
寒かったら言ってね。,Tell me if you're cold.,寒かっ【さむかっ】たら言っ【いっ】てね。,さむかったらいってね。,medical,寒い,cold
汗をかいたら着替えようね。,Let's change if you sweat.,汗【あせ】をかいたら着替えよう【きがえよう】ね。,あせを、かいたらきがえようね。,medical,汗,sweat
掃除機をかけてもいいですか?,May I vacuum now?,掃除【そうじ】機【き】をかけてもいいですか?,そうじきを、かけてもいいですか?,cleaning,掃除機,vacuum
床を拭かなきゃ。,I need to mop the floor.,床【ゆか】を拭か【ふか】なきゃ。,ゆかを、ふかなきゃ。,cleaning,床,floor
ほこりがたまっている。,Dust has accumulated.,ほこりがたまっている。,ほこりがたまっている。,cleaning,ほこり,dust
窓を拭きましょう。,Let's clean the windows.,窓【まど】を拭き【ふき】ましょう。,まどを、ふきましょう。,cleaning,窓,window
ゴミを出すのを忘れないで。,Don't forget to take out the trash.,ゴミを出す【だす】のを忘れ【わすれ】ないで。,ゴミを、だすのを、わすれないで。,cleaning,ゴミ,trash
今日は燃えるゴミの日です。,Today is burnable trash day.,今日【きょう】は燃える【もえる】ゴミの日【ひ】です。,きょうはもえるゴミのひです。,cleaning,燃えるゴミ,burnable trash
資源ゴミはいつ出しますか?,When do we put out recyclables?,資源【しげん】ゴミはいつ出し【だし】ますか?,しげんゴミはいつだしますか?,cleaning,資源ゴミ,recyclables
お風呂を掃除しなきゃ。,I need to clean the bath.,お風呂【ふろ】を掃除【そうじ】しなきゃ。,おふろを、そうじしなきゃ。,cleaning,お風呂,bath
トイレ掃除は終わりました。,I finished cleaning the toilet.,トイレ掃除【そうじ】は終わり【おわり】ました。,トイレそうじはおわりました。,cleaning,トイレ掃除,toilet cleaning
洗剤が切れそうです。,We're almost out of detergent.,洗剤【せんざい】が切れ【きれ】そうです。,せんざいが、きれそうです。,cleaning,洗剤,detergent
雑巾はどこですか?,Where is the cleaning cloth?,雑巾【ぞうきん】はどこですか?,ぞうきんはどこですか?,cleaning,雑巾,cleaning cloth
カビが生えている。,There's mold growing.,カビが生え【はえ】ている。,カビが、はえている。,cleaning,カビ,mold
換気をしましょう。,Let's ventilate the room.,換気【かんき】をしましょう。,かんきを、しましょう。,cleaning,換気,ventilation
掃除機の紙パックを交換して。,Change the vacuum bag.,掃除【そうじ】機【き】の紙【かみ】パックを交換【こうかん】して。,そうじきのかみパックを、こうかんして。,cleaning,紙パック,vacuum bag
ベランダを掃除します。,I'll clean the balcony.,ベランダを掃除【そうじ】します。,ベランダを、そうじします。,cleaning,ベランダ,balcony
玄関を掃きましょう。,Let's sweep the entrance.,玄関【げんかん】を掃き【はき】ましょう。,げんかんを、はきましょう。,cleaning,玄関,entrance
ゴミ袋を買わなきゃ。,I need to buy garbage bags.,ゴミ袋【ごみぶくろ】を買わ【かわ】なきゃ。,ごみぶくろを、かわなきゃ。,cleaning,ゴミ袋,garbage bag
粗大ゴミの申し込みをした?,Did you apply for bulk trash pickup?,粗大【そだい】ゴミの申し込み【もうしこみ】をした?,そだいゴミのもうしこみを、した?,cleaning,粗大ゴミ,bulk trash
シンクがピカピカになった。,The sink is sparkling clean.,シンクがピカピカになった。,シンクが、ピカピカになった。,cleaning,シンク,sink
エアコンのフィルターを掃除して。,Clean the air conditioner filter.,エアコンのフィルターを掃除【そうじ】して。,エアコンのフィルターを、そうじして。,cleaning,フィルター,filter
クレジットカードでお願いします。,Credit card please.,クレジットカードでお願い【ねがい】します。,クレジットカードでおねがいします。,shopping,クレジットカード,credit card
電子マネーは使えますか?,Can I use electronic money?,電子【でんし】マネーは使え【つかえ】ますか?,でんしマネーはつかえますか?,shopping,電子マネー,electronic money
PayPayで払えますか?,Can I pay with PayPay?,PayPayで払え【はらえ】ますか?,PayPayではらえますか?,shopping,PayPay,PayPay
現金のみですか?,Cash only?,現金【げんきん】のみですか?,げんきんのみですか?,shopping,現金,cash
お釣りはいりません。,Keep the change.,お釣り【つり】はいりません。,おつりはいりません。,shopping,お釣り,change
レシートをください。,Receipt please.,レシートをください。,レシートを、ください。,shopping,レシート,receipt
領収書をお願いします。,I need a receipt.,領収【りょうしゅう】書【しょ】をお願い【ねがい】します。,りょうしゅうしょを、おねがいします。,shopping,領収書,receipt
割引はありますか?,Is there a discount?,割引【わりびき】はありますか?,わりびきはありますか?,shopping,割引,discount
セール中ですか?,Is it on sale?,セール中【ちゅう】ですか?,セールちゅうですか?,shopping,セール中,on sale
まとめ買いで安くなりますか?,Is there a bulk discount?,まとめ買い【まとめがい】で安く【やすく】なりますか?,まとめがいでやすくなりますか?,shopping,まとめ買い,bulk buying
他の色はありますか?,Do you have other colors?,他【ほか】の色【いろ】はありますか?,ほかのいろはありますか?,shopping,色,color
在庫はありますか?,Do you have it in stock?,在庫【ざいこ】はありますか?,ざいこはありますか?,shopping,在庫,stock
取り寄せできますか?,Can you order it?,取り寄せ【とりよせ】できますか?,とりよせできますか?,shopping,取り寄せ,order
いつ届きますか?,When will it arrive?,いつ届き【とどき】ますか?,いつとどきますか?,shopping,届く,arrive
ギフト用に包んでもらえますか?,Can you gift wrap it?,ギフト用【よう】に包ん【つつん】でもらえますか?,ギフトようにつつんでもらえますか?,shopping,ギフト用,gift
別々に包んでください。,Please wrap them separately.,別々【べつべつ】に包ん【つつん】でください。,べつべつにつつんでください。,shopping,別々,separately
紙袋をもう一枚もらえますか?,Can I have another paper bag?,紙袋【かみぶくろ】をもう一【いっ】枚【まい】もらえますか?,かみぶくろを、もういっまいもらえますか?,shopping,紙袋,paper bag
これは壊れやすいです。,This is fragile.,これは壊れ【こわれ】やすいです。,これはこわれやすいです。,shopping,壊れやすい,fragile
重いので配送をお願いします。,It's heavy so please deliver it.,重い【おもい】ので配送【はいそう】をお願い【ねがい】します。,おもいのではいそうを、おねがいします。,shopping,配送,delivery
今日届きますか?,Will it arrive today?,今日【きょう】届き【とどき】ますか?,きょうとどきますか?,shopping,今日,today
午前中に届けてください。,Please deliver in the morning.,午前【ごぜん】中【ちゅう】に届け【とどけ】てください。,ごぜんちゅうにとどけてください。,shopping,午前中,deliver
不在の場合は置いといてください。,If I'm not home please leave it.,不在【ふざい】の場合【ばあい】は置い【おい】といてください。,ふざいのばあいはおいといてください。,shopping,不在の場合,if absent
定期購入を申し込みたい。,I'd like to sign up for regular delivery.,定期【ていき】購入【こうにゅう】を申し込み【もうしこみ】たい。,ていきこうにゅうを、もうしこみたい。,shopping,定期購入,subscription
解約したいのですが。,I'd like to cancel.,解約【かいやく】したいのですが。,かいやくしたいのですが。,shopping,解約,cancellation
返品期限はいつまでですか?,What is the return deadline?,返品【へんぴん】期限【きげん】はいつまでですか?,へんぴんきげんはいつまでですか?,shopping,返品期限,return
交換の手続きを教えてください。,Please tell me the exchange procedure.,交換【こうかん】の手続き【てつづき】を教え【おしえ】てください。,こうかんのてつづきを、おしえてください。,shopping,手続き,procedure
不良品だったので返金してください。,It was defective so please refund.,不良【ふりょう】品【ひん】だったので返金【へんきん】してください。,ふりょうひんだったのでへんきんしてください。,shopping,手続き,procedure
サイズが合わなかった。,The size didn't fit.,サイズが合わ【あわ】なかった。,サイズが、あわなかった。,shopping,サイズ,size
思っていたのと違った。,It was different from what I expected.,思っ【おもっ】ていたのと違っ【ちがっ】た。,おもっていたのとちがった。,shopping,違う,different
写真と違う商品が届いた。,A different product from the photo arrived.,写真【しゃしん】と違う【ちがう】商品【しょうひん】が届い【とどい】た。,しゃしんとちがうしょうひんが、とどいた。,shopping,商品,product
商品が届かない。,The product hasn't arrived.,商品【しょうひん】が届か【とどか】ない。,しょうひんが、とどかない。,shopping,商品,product
配送状況を確認したい。,I want to check the delivery status.,配送【はいそう】状況【じょうきょう】を確認【かくにん】したい。,はいそうじょうきょうを、かくにんしたい。,shopping,配送状況,delivery status
カスタマーサービスに連絡したい。,I want to contact customer service.,カスタマーサービスに連絡【れんらく】したい。,カスタマーサービスにれんらくしたい。,shopping,配送状況,delivery status
問い合わせ番号を教えてください。,Please tell me the inquiry number.,問い合わせ【といあわせ】番号【ばんごう】を教え【おしえ】てください。,といあわせばんごうを、おしえてください。,shopping,問い合わせ番号,inquiry number
口コミを見て買った。,I bought it after reading reviews.,口コミ【くちこみ】を見【み】て買っ【かっ】た。,くちこみを、みてかった。,shopping,口コミ,reviews
評価が高かったので。,Because it had high ratings.,評価【ひょうか】が高かっ【たかかっ】たので。,ひょうかが、たかかったので。,shopping,評価,rating
お気に入りに登録した。,I added it to my favorites.,お気【き】に入り【はいり】に登録【とうろく】した。,おきにはいりにとうろくした。,shopping,お気に入り,favorites
カートに入れたままだった。,I left it in my cart.,カートに入れ【いれ】たままだった。,カートにいれたままだった。,shopping,カート,cart
売り切れになってた。,It was sold out.,売り切れ【うりきれ】になってた。,うりきれになってた。,shopping,売り切れ,sold out
再入荷通知を設定した。,I set up a restock notification.,再【さい】入荷【にゅうか】通知【つうち】を設定【せってい】した。,さいにゅうかつうちを、せっていした。,shopping,再入荷通知,restock notification
クーポンを使いたい。,I want to use a coupon.,クーポンを使い【つかい】たい。,クーポンを、つかいたい。,shopping,クーポン,coupon
ポイントを使って払います。,I'll pay with points.,ポイントを使っ【つかっ】て払い【はらい】ます。,ポイントを、つかってはらいます。,shopping,ポイント,point card
送料無料になるまであと少し。,Just a little more for free shipping.,送料【そうりょう】無料【むりょう】になるまであと少し【すこし】。,そうりょうむりょうになるまであとすこし。,shopping,送料無料,free shipping
お買い物マラソン中だね。,It's a shopping marathon.,お買い物【かいもの】マラソン中【ちゅう】だね。,おかいものマラソンちゅうだね。,shopping,お買い物マラソン,shopping marathon
タイムセールを狙おう。,Let's aim for the time sale.,タイムセールを狙おう【ねらおう】。,タイムセールを、ねらおう。,shopping,タイムセール,time sale
ポイント還元率がいい。,The point return rate is good.,ポイント還元【かんげん】率【りつ】がいい。,ポイントかんげんりつが、いい。,shopping,ポイント還元率,point return rate
比較してから買おう。,Let's compare before buying.,比較【ひかく】してから買おう【かおう】。,ひかくしてからかおう。,shopping,比較,compare
最安値を探して。,Find the lowest price.,最【さい】安値【やすね】を探し【さがし】て。,さいやすねを、さがして。,shopping,最安値,find
偽物に気をつけて。,Be careful of fakes.,偽物【にせもの】に気【き】をつけて。,にせものにきを、つけて。,shopping,偽物,fake
公式サイトで買った方がいい。,It's better to buy from the official site.,公式【こうしき】サイトで買っ【かっ】た方【ほう】がいい。,こうしきサイトでかったほうが、いい。,shopping,公式サイト,official site
ママ友とランチに行ってくる。,I'm going to lunch with mom friends.,ママ友【とも】とランチに行っ【いっ】てくる。,ママともとランチにいってくる。,social,ママ友,mom friends
公園で会おう。,Let's meet at the park.,公園【こうえん】で会おう【あおう】。,こうえんであおう。,social,ママ友,mom friends
子供を預かってもらえる?,Can you watch my child?,子供【こども】を預かっ【あずかっ】てもらえる?,こどもを、あずかってもらえる?,social,子供,children
お互い様だよ。,We help each other.,お互い【たがい】様【さま】だよ。,おたがいさまだよ。,social,お互い様,mutual help
いつもありがとう。,Thank you as always.,いつもありがとう。,いつもありがとう。,social,いつも,always
お返しに何か持っていくね。,I'll bring something in return.,お返し【がえし】に何【なん】か持っ【もっ】ていくね。,おがえしになんかもっていくね。,social,お返し,return gift
手作りのお菓子を焼いたの。,I baked homemade sweets.,手作り【てづくり】のお菓子【かし】を焼い【やい】たの。,てづくりのおかしを、やいたの。,social,お菓子,sweets
よかったら食べてね。,Please have some if you'd like.,よかったら食べ【たべ】てね。,よかったらたべてね。,social,食べる,eat
お口に合うといいけど。,I hope it suits your taste.,お口【くち】に合う【あう】といいけど。,おくちにあうといいけど。,social,お口に合う,suit taste
レシピを教えてもらえる?,Can you teach me the recipe?,レシピを教え【おしえ】てもらえる?,レシピを、おしえてもらえる?,social,レシピ,recipe
どうやって作るの?,How do you make it?,どうやって作る【つくる】の?,どうやってつくるの?,social,作,meal prep
コツはなに?,What's the trick?,コツはなに?,コツはなに?,social,コツ,what's
すごく美味しい!,It's so delicious!,すごく美味しい【おいしい】!,すごくおいしい!,social,美味,delicious
また作ってね。,Make it again.,また作っ【つくっ】てね。,また、つくってね。,social,作る,make
今度一緒に作ろう。,Let's make it together next time.,今度【こんど】一緒【いっしょ】に作ろう【つくろう】。,こんどいっしょにつくろう。,social,一緒,together
習い事の情報を教えて。,Tell me about lessons.,習い事【ならいごと】の情報【じょうほう】を教え【おしえ】て。,ならいごとのじょうほうを、おしえて。,social,習い事,lessons
いい先生がいるって聞いた。,I heard there's a good teacher.,いい先生【せんせい】がいるって聞い【きい】た。,いいせんせいが、いるってきいた。,social,先生,teacher
月謝はいくら?,How much is the monthly fee?,月謝【げっしゃ】はいくら?,げっしゃはいくら?,social,月謝,monthly fee
送り迎えは大変?,Is driving back and forth hard?,送り迎え【おくりむかえ】は大変【たいへん】?,おくりむかえはたいへん?,social,送り迎え,pickup/dropoff
発表会はいつ?,When is the recital?,発表【はっぴょう】会【かい】はいつ?,はっぴょうかいはいつ?,social,発表会,recital
見に行ってもいい?,Can I come watch?,見【み】に行っ【いっ】てもいい?,みにいってもいい?,social,見に行く,go see
応援に行くね。,I'll come cheer.,応援【おうえん】に行く【いく】ね。,おうえんにいくね。,social,応援,cheering
写真を撮ってもいい?,Can I take a photo?,写真【しゃしん】を撮っ【とっ】てもいい?,しゃしんを、とってもいい?,social,写真,photograph
動画を送るね。,I'll send the video.,動画【どうが】を送る【おくる】ね。,どうがを、おくるね。,social,動画,video
LINEで送って。,Send it via LINE.,LINEで送っ【おくっ】て。,LINEでおくって。,social,送る,send
グループに入れてもらえる?,Can you add me to the group?,グループに入れ【いれ】てもらえる?,グループにいれてもらえる?,social,グループ,group
返事が遅くなってごめんね。,Sorry for the late reply.,返事【へんじ】が遅く【おそく】なってごめんね。,へんじが、おそくなってごめんね。,social,返事,sorry
既読スルーしてた。,I read it but forgot to reply.,既読【きどく】スルーしてた。,きどくスルーしてた。,social,既読スルー,read but not reply
また今度ゆっくり話そう。,Let's talk properly next time.,また今度【こんど】ゆっくり話そう【はなそう】。,また、こんどゆっくりはなそう。,social,今度,next time
飲み会はちょっと。,I'll pass on the drinking party.,飲み会【のみかい】はちょっと。,のみかいはちょっと。,social,飲み会,drinking party
子供がいるから難しいな。,It's difficult with kids.,子供【こども】がいるから難しい【むずかしい】な。,こどもが、いるからむずかしいな。,social,子供,children
預けられたら行けるんだけど。,I could go if I could find childcare.,預け【あずけ】られたら行ける【いける】んだけど。,あずけられたらいけるんだけど。,social,預ける,leave/entrust
旦那に聞いてみるね。,I'll ask my husband.,旦那【だんな】に聞い【きい】てみるね。,だんなにきいてみるね。,social,旦那,husband
土日なら大丈夫かも。,Weekends might work.,土日【どにち】なら大丈夫【だいじょうぶ】かも。,どにちならだいじょうぶかも。,social,土日,weekends
平日は忙しいんだ。,Weekdays are busy.,平日【へいじつ】は忙しい【いそがしい】んだ。,へいじつはいそがしいんだ。,social,平日,weekdays
また誘ってね。,Invite me again.,また誘っ【さそっ】てね。,また、さそってね。,social,誘,invite
楽しかったね。,It was fun.,楽しかっ【たのしかっ】たね。,たのしかったね。,social,楽,fun
久しぶりに息抜きできた。,I was able to relax for the first time in a while.,久し【ひさし】ぶりに息抜き【いきぬき】できた。,ひさしぶりにいきぬきできた。,social,久しぶり,first time in a while
ストレス発散になった。,It was stress relief.,ストレス発散【はっさん】になった。,ストレスはっさんになった。,social,ストレス発散,stress relief
また行こうね。,Let's go again.,また行こう【いこう】ね。,また、いこうね。,social,行く,go
子育ての相談していい?,Can I ask for parenting advice?,子育て【こそだて】の相談【そうだん】していい?,こそだてのそうだんしていい?,social,相談,consultation
うちの子もそうだった。,My kid was the same.,うちの子【こ】もそうだった。,うちのこもそうだった。,social,子,child
そのうち落ち着くよ。,They'll settle down eventually.,そのうち落ち着く【おちつく】よ。,そのうちおちつくよ。,social,落ち着く,settle down
大変だよね、分かる。,It's hard I understand.,大変【たいへん】だよね、分かる【わかる】。,たいへんだよね、わかる。,social,大変,hard
無理しないでね。,Don't push yourself.,無理【むり】しないでね。,むりしないでね。,social,無理,push too hard
いつでも連絡してね。,Contact me anytime.,いつでも連絡【れんらく】してね。,いつでもれんらくしてね。,social,連絡,contact
話を聞くだけでもできるよ。,I can at least listen.,話【はなし】を聞く【きく】だけでもできるよ。,はなしを、きくだけでもできるよ。,social,話を聞く,listen
一人で抱え込まないで。,Don't keep it all to yourself.,一人【ひとり】で抱え込ま【かかえこま】ないで。,ひとりでかかえこまないで。,social,抱え込む,keep to oneself
市の子育て支援センターに行ってみたら?,Why not try the city's parenting support center?,市【し】の子育て【こそだて】支援【しえん】センターに行っ【いっ】てみたら?,しのこそだてしえんセンターにいってみたら?,social,子育て支援センター,parenting support center
保健師さんに相談できるよ。,You can consult with a public health nurse.,保健【ほけん】師【し】さんに相談【そうだん】できるよ。,ほけんしさんにそうだんできるよ。,social,保健師,public health nurse
同じ悩みの人がいると思う。,I think there are others with the same worries.,同じ【おなじ】悩み【なやみ】の人【ひと】がいると思う【おもう】。,おなじなやみのひとが、いるとおもう。,social,悩み,worry
泣きたい時は泣いていいよ。,It's okay to cry when you need to.,泣き【なき】たい時【とき】は泣い【ない】ていいよ。,なきたいときはないていいよ。,social,泣く,cry
完璧じゃなくていいんだよ。,You don't have to be perfect.,完璧【かんぺき】じゃなくていいんだよ。,かんぺきじゃなくていいんだよ。,social,完璧,perfect
十分頑張ってるよ。,You're doing great.,十分【じゅうぶん】頑張っ【がんばっ】てるよ。,じゅうぶんがんばってるよ。,social,十分,enough
自分を褒めてあげて。,Give yourself credit.,自分【じぶん】を褒め【ほめ】てあげて。,じぶんを、ほめてあげて。,social,褒める,praise
たまには休んでね。,Take a break sometimes.,たまには休ん【やすん】でね。,たまにはやすんでね。,social,休む,rest
リフレッシュも大事だよ。,Refreshing is important too.,リフレッシュも大事【だいじ】だよ。,リフレッシュもだいじだよ。,social,リフレッシュ,refresh
自分の時間も作ってね。,Make time for yourself.,自分【じぶん】の時間【じかん】も作っ【つくっ】てね。,じぶんのじかんもつくってね。,social,時間,time
趣味を持つといいよ。,It's good to have hobbies.,趣味【しゅみ】を持つ【もつ】といいよ。,しゅみを、もつといいよ。,social,趣味,hobby
運動するとスッキリするよ。,Exercise helps clear your mind.,運動【うんどう】するとスッキリするよ。,うんどうするとスッキリするよ。,social,運動,exercise
散歩でも気分転換になるよ。,Even a walk can be a change of pace.,散歩【さんぽ】でも気分【きぶん】転換【てんかん】になるよ。,さんぽでもきぶんてんかんになるよ。,social,気分転換,even
今日も1日お疲れ様。,Good work today.,今日【きょう】も1日【ついたち】お疲れ【つかれ】様【さま】。,きょうも1ついたちおつかれさま。,social,お疲れ様,good work
明日も頑張ろうね。,Let's do our best tomorrow too.,明日【あす】も頑張ろう【がんばろう】ね。,あすもがんばろうね。,social,明日,tomorrow
おやすみ、良い夢を。,Good night sweet dreams.,おやすみ、良い【よい】夢【ゆめ】を。,おやすみ、よいゆめを。,social,夢,dream
今日もいい1日になりますように。,May today be a good day.,今日【きょう】もいい1日【いちにち】になりますように。,きょうもいい1いちにちになりますように。,social,いい1日,good day
熱があるみたい。,It seems like you have a fever.,熱【ねつ】があるみたい。,ねつが、あるみたい。,child-health,熱,fever
体温を測ってみて。,Try taking your temperature.,体温【たいおん】を測っ【はかっ】てみて。,たいおんを、はかってみて。,child-health,体温,temperature
病院に連れて行こう。,Let's take you to the doctor.,病院【びょういん】に連れ【つれ】て行こう【いこう】。,びょういんにつれていこう。,child-health,病院,hospital
薬を飲んでね。,Take your medicine.,薬【くすり】を飲ん【のん】でね。,くすりを、のんでね。,child-health,薬,medicine
お腹が痛いの?,Does your stomach hurt?,お腹【おなか】が痛い【いたい】の?,おおなかが、いたいの?,child-health,お腹,stomach
頭が痛いって言ってる。,They say they have a headache.,頭【あたま】が痛い【いたい】って言っ【いっ】てる。,あたまが、いたいっていってる。,child-health,頭,head
吐き気がする?,Do you feel nauseous?,吐き気【はきけ】がする?,はきけが、する?,child-health,吐き気,nausea
よく寝てね。,Get good rest.,よく寝【ね】てね。,よくねてね。,child-health,寝る,sleep
水分をたくさん取って。,Drink lots of fluids.,水分【すいぶん】をたくさん取っ【とっ】て。,すいぶんを、たくさんとって。,child-health,水分,fluids
予防接種の予約を取った。,I made an appointment for vaccination.,予防【よぼう】接種【せっしゅ】の予約【よやく】を取っ【とっ】た。,よぼうせっしゅのよやくを、とった。,child-health,予防接種,vaccination
この子は乳製品アレルギーです。,This child has a dairy allergy.,この子【こ】は乳製品【にゅうせいひん】アレルギーです。,このこはにゅうせいひんアレルギーです。,child-health,乳製品アレルギー,dairy allergy
クラスメイトを呼んでいい?,Can I invite my classmates over?,クラスメイトを呼ん【よん】でいい?,クラスメイトを、よんでいい?,child-health,クラスメイト,classmate
おもちゃを貸してあげて。,Share your toys.,おもちゃを貸し【かし】てあげて。,おもちゃを、かしてあげて。,child-health,おもちゃ,toys
順番に遊んでね。,Take turns playing.,順番【じゅんばん】に遊ん【あそん】でね。,じゅんばんにあそんでね。,child-health,順番,turn
仲間はずれにしないで。,Don't leave anyone out.,仲間【なかま】はずれにしないで。,なかまはずれにしないで。,child-health,仲間,leave
ケンカしないで。,Don't fight.,ケンカしないで。,ケンカしないで。,child-health,ケンカ,fight
仲直りしなさい。,Make up with each other.,仲直り【なかなおり】しなさい。,なかなおりしなさい。,child-health,仲直,make up
謝りなさい。,Apologize.,謝り【あやまり】なさい。,あやまりなさい。,child-health,謝,gratitude
許してあげて。,Forgive them.,許し【ゆるし】てあげて。,ゆるしてあげて。,child-health,許,forgive
優しくしてね。,Be kind.,優しく【やさしく】してね。,やさしくしてね。,child-health,優,kind
思いやりを持って。,Be considerate.,思いやり【おもいやり】を持っ【もっ】て。,おもいやりを、もって。,child-health,思いやり,compassion
危ないことはしないで。,Don't do dangerous things.,危ない【あぶない】ことはしないで。,あぶないことはしないで。,child-health,危,dangerous
気をつけてね。,Be careful.,気【き】をつけてね。,きを、つけてね。,child-health,気をつける,be careful
転ばないでね。,Don't fall.,転ば【ころば】ないでね。,ころばないでね。,child-health,転ぶ,fall
走らないで。,Don't run.,走ら【はしら】ないで。,はしらないで。,child-health,走,run
静かにしなさい。,Be quiet.,静か【しずか】にしなさい。,しずかにしなさい。,child-health,静,quiet
うるさいよ。,You're being loud.,うるさいよ。,うるさいよ。,child-health,うるさいよ,you're
大きな声を出さないで。,Don't shout.,大きな【おおきな】声【こえ】を出さ【ださ】ないで。,おおきなこえを、ださないで。,child-health,声,shout
行儀よくしなさい。,Behave yourself.,行儀【ぎょうぎ】よくしなさい。,ぎょうぎよくしなさい。,child-health,行儀,behave
姿勢を良くして。,Sit up straight.,姿勢【しせい】を良く【よく】して。,しせいを、よくして。,child-health,姿勢,posture
肘をつかないで。,Don't put your elbows on the table.,肘【ひじ】をつかないで。,ひじを、つかないで。,child-health,肘,your
口を閉じて食べなさい。,Eat with your mouth closed.,口【くち】を閉じ【とじ】て食べ【たべ】なさい。,くちを、とじてたべなさい。,child-health,口を閉じる,close mouth
お箸の持ち方が違うよ。,That's not how you hold chopsticks.,お箸【はし】の持ち【もち】方【かた】が違う【ちがう】よ。,おはしのもちかたが、ちがうよ。,child-health,お箸の持ち方,how to hold chopsticks
お皿を持って食べて。,Hold your plate while eating.,お皿【さら】を持っ【もっ】て食べ【たべ】て。,おさらを、もってたべて。,child-health,お箸の持ち方,how to hold chopsticks
好き嫌いしないで。,Don't be picky.,好き嫌い【すききらい】しないで。,すききらいしないで。,child-health,好き嫌い,picky eating
食べ物を粗末にしないで。,Don't waste food.,食べ物【たべもの】を粗末【そまつ】にしないで。,たべものを、そまつにしないで。,child-health,食べ物,food
感謝して食べなさい。,Eat with gratitude.,感謝【かんしゃ】して食べ【たべ】なさい。,かんしゃしてたべなさい。,child-health,感謝,gratitude
いただきますを言った?,Did you say itadakimasu?,いただきますを言っ【いっ】た?,いただきますを、いった?,child-health,いただきます,itadakimasu
ごちそうさまは?,Say gochisousama.,ごちそうさまは?,ごちそうさまは?,child-health,ごちそうさまは,gochisousama
ありがとうを言いなさい。,Say thank you.,ありがとうを言い【いい】なさい。,ありがとうを、いいなさい。,child-health,ありがとう,thank you
すみませんを言えた?,Did you say sorry?,すみませんを言え【いえ】た?,すみませんを、いえた?,child-health,すみません,excuse me
挨拶をちゃんとしてね。,Greet people properly.,挨拶【あいさつ】をちゃんとしてね。,あいさつを、ちゃんとしてね。,child-health,挨拶,greeting
大人の人には敬語を使って。,Use polite language with adults.,大人【おとな】の人【ひと】には敬語【けいご】を使っ【つかっ】て。,おとなのひとにはけいごを、つかって。,child-health,敬語,polite language
靴を揃えて。,Line up your shoes.,靴【くつ】を揃え【そろえ】て。,くつを、そろえて。,child-health,靴,line
脱いだ服をたたんで。,Fold the clothes you took off.,脱い【ぬい】だ服【ふく】をたたんで。,ぬいだふくを、たたんで。,child-health,服,clothing
使ったものは元に戻して。,Put things back where you found them.,使っ【つかっ】たものは元【もと】に戻し【もどし】て。,つかったものはもとにもどして。,child-health,元に戻す,put back
自分のことは自分でやって。,Do your own things yourself.,自分【じぶん】のことは自分【じぶん】でやって。,じぶんのことはじぶんでやって。,child-health,自分,yourself
お手伝いしてくれる?,Can you help me?,お手伝い【てつだい】してくれる?,おてつだいしてくれる?,child-health,手伝,help
ありがとう助かるよ。,Thank you that helps.,ありがとう助かる【たすかる】よ。,ありがとうたすかるよ。,child-health,助かる,helpful
よくできました。,Well done.,よくできました。,よくできました。,child-health,よくできました,well done
その調子。,Keep it up.,その調子【ちょうし】。,そのちょうし。,child-health,調子,child
すごいね。,That's amazing.,すごいね。,すごいね。,child-health,すごいね,that's
上手になったね。,You've gotten better.,上手【じょうず】になったね。,じょうずになったね。,child-health,上手,you've
頑張ってるね。,You're working hard.,頑張っ【がんばっ】てるね。,がんばってるね。,child-health,頑張,tried hard
諦めないで。,Don't give up.,諦め【あきらめ】ないで。,あきらめないで。,child-health,諦める,give up
もう少しだよ。,Just a little more.,もう少し【すこし】だよ。,もうすこしだよ。,child-health,もう少し,a little more
自信を持って。,Have confidence.,自信【じしん】を持っ【もっ】て。,じしんを、もって。,child-health,自信,confidence
失敗しても大丈夫。,It's okay to fail.,失敗【しっぱい】しても大丈夫【だいじょうぶ】。,しっぱいしてもだいじょうぶ。,child-health,失敗,okay
次があるよ。,There's always next time.,次【つぎ】があるよ。,つぎが、あるよ。,child-health,次,next time
一緒にやろう。,Let's do it together.,一緒【いっしょ】にやろう。,いっしょにやろう。,child-health,一緒,together
分からないことは聞いてね。,Ask if you don't understand.,分から【わから】ないことは聞い【きい】てね。,わからないことはきいてね。,child-health,分からない,not understand
洗濯物を干してください。,Please hang the laundry.,洗濯【せんたく】物【ぶつ】を干し【ほし】てください。,せんたくぶつを、ほしてください。,laundry,洗濯物,laundry
洗濯機を回します。,I'll start the washing machine.,洗濯【せんたく】機【き】を回し【まわし】ます。,せんたくきを、まわします。,laundry,洗濯機,washing machine
乾燥機を使ってもいい?,Can I use the dryer?,乾燥【かんそう】機【き】を使っ【つかっ】てもいい?,かんそうきを、つかってもいい?,laundry,乾燥機,dryer
この服は手洗いです。,This clothing is hand-wash only.,この服【ふく】は手洗い【てあらい】です。,このふくはてあらいです。,laundry,服,clothing
洗濯物をたたんでくれる?,Can you fold the laundry?,洗濯【せんたく】物【ぶつ】をたたんでくれる?,せんたくぶつを、たたんでくれる?,laundry,たたむ,fold
アイロンをかけなきゃ。,I need to iron this.,アイロンをかけなきゃ。,アイロンを、かけなきゃ。,laundry,アイロン,iron
シミが取れない。,The stain won't come out.,シミが取れ【とれ】ない。,シミが、とれない。,laundry,シミ,stain
漂白剤を使いましょう。,Let's use bleach.,漂白【ひょうはく】剤【ざい】を使い【つかい】ましょう。,ひょうはくざいを、つかいましょう。,laundry,漂白剤,bleach
柔軟剤を入れて。,Add fabric softener.,柔軟【じゅうなん】剤【ざい】を入れ【いれ】て。,じゅうなんざいを、いれて。,laundry,柔軟剤,fabric softener
洗濯ネットに入れてね。,Put it in a laundry net.,洗濯【せんたく】ネットに入れ【いれ】てね。,せんたくネットにいれてね。,laundry,洗濯ネット,laundry net
雨だから部屋干しにする。,It's raining so I'll dry inside.,雨【あめ】だから部屋干し【へやほし】にする。,あめだからへやほしにする。,laundry,部屋干し,indoor drying
洗濯物が乾いた。,The laundry is dry.,洗濯【せんたく】物【ぶつ】が乾い【かわい】た。,せんたくぶつが、かわいた。,laundry,乾く,dry
色物と白い物を分けて。,Separate colors and whites.,色物【いろもの】と白い物【しろいもの】を分け【わけ】て。,いろものとしろいものを、わけて。,laundry,分ける,separate
ハンガーが足りない。,We don't have enough hangers.,ハンガーが足り【たり】ない。,ハンガーが、たりない。,laundry,ハンガー,hanger
洗濯バサミを取って。,Pass me the clothespins.,洗濯【せんたく】バサミを取っ【とっ】て。,せんたくバサミを、とって。,laundry,洗濯バサミ,clothespins
布団を干したい。,I want to air out the futon.,布団【ふとん】を干し【ほし】たい。,ふとんを、ほしたい。,laundry,布団,futon
毛布を洗濯機で洗える?,Can I wash the blanket in the machine?,毛布【もうふ】を洗濯【せんたく】機【き】で洗える【あらえる】?,もうふを、せんたくきであらえる?,laundry,毛布,blanket
脱水が終わった。,The spin cycle is done.,脱水【だっすい】が終わっ【おわっ】た。,だっすいが、おわった。,laundry,脱水,spin cycle
今日は洗濯日和だね。,It's a perfect day for laundry.,今日【きょう】は洗濯【せんたく】日和【びより】だね。,きょうはせんたくびよりだね。,laundry,洗濯日和,good laundry weather
タオルがごわごわになった。,The towels have become stiff.,タオルがごわごわになった。,タオルが、ごわごわになった。,laundry,ごわごわ,stiff
お正月の準備をしよう。,Let's prepare for New Year.,お正月【しょうがつ】の準備【じゅんび】をしよう。,おしょうがつのじゅんびを、しよう。,seasonal-events,お正月,New Year
おせち料理を作る。,I'll make New Year dishes.,おせち料理【りょうり】を作る【つくる】。,おせちりょうりを、つくる。,seasonal-events,おせち料理,New Year dishes
年賀状を書かなきゃ。,I need to write New Year cards.,年賀【ねんが】状【じょう】を書か【かか】なきゃ。,ねんがじょうを、かかなきゃ。,seasonal-events,年賀状,New Year cards
ひな人形を飾ろう。,Let's display the hina dolls.,ひな人形【にんぎょう】を飾ろう【かざろう】。,ひなにんぎょうを、かざろう。,seasonal-events,ひな人形,hina dolls
こどもの日にはこいのぼりを出そう。,Let's put out the carp streamers for Children's Day.,こどもの日【ひ】にはこいのぼりを出そう【だそう】。,こどものひにはこいのぼりを、だそう。,seasonal-events,こいのぼり,carp streamers
お盆に帰省する。,I'll go home for Obon.,お盆【ぼん】に帰省【きせい】する。,おぼんにきせいする。,seasonal-events,お盆,Obon
七五三の写真を撮ろう。,Let's take photos for Shichi-Go-San.,七五三【しちごさん】の写真【しゃしん】を撮ろう【とろう】。,しちごさんのしゃしんを、とろう。,seasonal-events,七五三,Shichi-Go-San
クリスマスの飾りつけをしよう。,Let's put up Christmas decorations.,クリスマスの飾りつけ【かざりつけ】をしよう。,クリスマスのかざりつけを、しよう。,seasonal-events,飾りつけ,decorations
クリスマスのプレゼントを買わなきゃ。,I need to buy Christmas presents.,クリスマスのプレゼントを買わ【かわ】なきゃ。,クリスマスのプレゼントを、かわなきゃ。,seasonal-events,プレゼント,present
クリスマスツリーを飾ろう。,Let's decorate the Christmas tree.,クリスマスツリーを飾ろう【かざろう】。,クリスマスツリーを、かざろう。,seasonal-events,クリスマスツリー,Christmas
サンタさんが来るよ。,Santa is coming.,サンタさんが来る【くる】よ。,サンタさんが、くるよ。,seasonal-events,サンタ,santa
クリスマスケーキを予約した。,I reserved a Christmas cake.,クリスマスケーキを予約【よやく】した。,クリスマスケーキを、よやくした。,seasonal-events,クリスマスケーキ,cake
チキンを焼こう。,Let's roast chicken.,チキンを焼こう【やこう】。,チキンを、やこう。,seasonal-events,チキン,roast
除夜の鐘を聞きに行こう。,Let's go listen to the New Year bells.,除夜【じょや】の鐘【かね】を聞き【きき】に行こう【いこう】。,じょやのかねを、ききにいこう。,seasonal-events,除夜の鐘,New Year's bell
初詣に行く?,Are you going for the first shrine visit?,初詣【はつもうで】に行く【いく】?,はつもうでにいく?,seasonal-events,初詣,first shrine visit
お年玉を準備しなきゃ。,I need to prepare New Year money.,お年玉【としだま】を準備【じゅんび】しなきゃ。,おとしだまを、じゅんびしなきゃ。,seasonal-events,お年玉,New Year's money
年越しそばを食べよう。,Let's eat New Year's Eve soba.,年越し【としこし】そばを食べよう【たべよう】。,としこしそばを、たべよう。,seasonal-events,お年玉,New Year's money
お雑煮を作ります。,I'll make ozoni.,お雑煮【ぞうに】を作り【つくり】ます。,おぞうにを、つくります。,seasonal-events,お雑煮,ozoni
凧揚げをしよう。,Let's fly kites.,凧揚げ【たこあげ】をしよう。,たこあげを、しよう。,seasonal-events,凧揚げ,kite flying
羽子板で遊ぼう。,Let's play hanetsuki.,羽子板【はごいた】で遊ぼう【あそぼう】。,はごいたであそぼう。,seasonal-events,羽子板,hanetsuki paddle
福袋を買いに行こう。,Let's go buy lucky bags.,福袋【ふくぶくろ】を買い【かい】に行こう【いこう】。,ふくぶくろを、かいにいこう。,seasonal-events,福袋,lucky bag
バレンタインのチョコを作ろう。,Let's make Valentine's chocolates.,バレンタインのチョコを作ろう【つくろう】。,バレンタインのチョコを、つくろう。,seasonal-events,チョコ,valentine's
ホワイトデーのお返しを買わなきゃ。,I need to buy White Day gifts.,ホワイトデーのお返し【がえし】を買わ【かわ】なきゃ。,ホワイトデーのおがえしを、かわなきゃ。,seasonal-events,ホワイトデー,White Day
お花見に行こう。,Let's go cherry blossom viewing.,お花見【はなみ】に行こう【いこう】。,おはなみにいこう。,seasonal-events,お花見,cherry blossom viewing
桜が満開だね。,The cherry blossoms are in full bloom.,桜【さくら】が満開【まんかい】だね。,さくらが、まんかいだね。,seasonal-events,満開,full bloom
ゴールデンウィークの予定は?,What are your Golden Week plans?,ゴールデンウィークの予定【よてい】は?,ゴールデンウィークのよていは?,seasonal-events,ゴールデンウィーク,Golden Week
母の日に何をあげよう。,What should I give for Mother's Day.,母【はは】の日【ひ】に何【なに】をあげよう。,ははのひになにを、あげよう。,seasonal-events,母,mother
父の日のプレゼントは?,What about the Father's Day present?,父【ちち】の日【ひ】のプレゼントは?,ちちのひのプレゼントは?,seasonal-events,父,father
夏休みの計画を立てよう。,Let's plan summer vacation.,夏休み【なつやすみ】の計画【けいかく】を立てよう【たてよう】。,なつやすみのけいかくを、たてよう。,seasonal-events,計画,plan
プール開きだね。,The pool is opening.,プール開き【びらき】だね。,プールびらきだね。,seasonal-events,プール,pool
花火大会に行こう。,Let's go to the fireworks festival.,花火【はなび】大会【たいかい】に行こう【いこう】。,はなびたいかいにいこう。,seasonal-events,花火大会,fireworks festival
浴衣を着よう。,Let's wear yukata.,浴衣【ゆかた】を着よう【きよう】。,ゆかたを、きよう。,seasonal-events,浴衣,yukata
スイカ割りをしよう。,Let's play watermelon splitting.,スイカ割り【すいかわり】をしよう。,スイカすいかわりを、しよう。,seasonal-events,スイカ割り,watermelon splitting
虫取りに行く?,Do you want to go bug catching?,虫取り【むしとり】に行く【いく】?,むしとりにいく?,seasonal-events,虫取り,bug catching
宿題を早く終わらせてね。,Finish your homework early.,宿題【しゅくだい】を早く【はやく】終わら【おわら】せてね。,しゅくだいを、はやくおわらせてね。,seasonal-events,終わらせる,finish
自由研究は何にする?,What will you do for your independent study?,自由【じゆう】研究【けんきゅう】は何【なに】にする?,じゆうけんきゅうはなににする?,seasonal-events,自由研究,independent study
読書感想文を書かなきゃ。,I have to write a book report.,読書【どくしょ】感想【かんそう】文【ぶん】を書か【かか】なきゃ。,どくしょかんそうぶんを、かかなきゃ。,seasonal-events,読書感想文,book report
敬老の日におじいちゃんに電話しよう。,Let's call grandpa on Respect for the Aged Day.,敬老【けいろう】の日【ひ】におじいちゃんに電話【でんわ】しよう。,けいろうのひにおじいちゃんにでんわしよう。,seasonal-events,敬老の日,Respect for Aged Day
ハロウィンの仮装をしよう。,Let's dress up for Halloween.,ハロウィンの仮装【かそう】をしよう。,ハロウィンのかそうを、しよう。,seasonal-events,仮装,costume
お菓子を用意しておこう。,Let's prepare candy.,お菓子【かし】を用意【ようい】しておこう。,おかしを、よういしておこう。,seasonal-events,お菓子,sweets
トリックオアトリート!,Trick or treat!,トリックオアトリート!,トリックオアトリート!,seasonal-events,トリックオアトリート,trick or treat
夕飯の準備をします。,I'll prepare dinner.,夕飯【ゆうはん】の準備【じゅんび】をします。,ゆうはんのじゅんびを、します。,cooking,準備,preparation
何が食べたい?,What do you want to eat?,何【なに】が食べ【たべ】たい?,なにが、たべたい?,cooking,何,what
今日は和食にしよう。,Let's have Japanese food today.,今日【きょう】は和食【わしょく】にしよう。,きょうはわしょくにしよう。,cooking,和食,japanese
味見してみて。,Try tasting it.,味見【あじみ】してみて。,あじみしてみて。,cooking,味見,tasting
塩を少し足して。,Add a little salt.,塩【しお】を少し【すこし】足し【たし】て。,しおを、すこしたして。,cooking,塩,salt
火を弱めてね。,Turn down the heat.,火【ひ】を弱め【よわめ】てね。,ひを、よわめてね。,cooking,火,heat
沸騰したら教えて。,Tell me when it boils.,沸騰【ふっとう】したら教え【おしえ】て。,ふっとうしたらおしえて。,cooking,沸騰,boil
焦げないように見てて。,Watch it so it doesn't burn.,焦げ【こげ】ないように見【み】てて。,こげないようにみてて。,cooking,焦げる,burn
出汁を取ります。,I'll make the stock.,出汁【だし】を取り【とり】ます。,だしを、とります。,cooking,出汁,stock/broth
ご飯を炊いてくれる?,Can you cook the rice?,ご飯【ごはん】を炊い【たい】てくれる?,ごはんを、たいてくれる?,cooking,ご飯,rice
冷蔵庫に何がある?,What's in the fridge?,冷蔵【れいぞう】庫【こ】に何【なに】がある?,れいぞうこになにが、ある?,cooking,冷蔵庫,refrigerator
作り置きを準備しよう。,Let's prepare make-ahead dishes.,作り置き【つくりおき】を準備【じゅんび】しよう。,つくりおきを、じゅんびしよう。,cooking,作り置き,meal prep
レシピを検索して。,Search for a recipe.,レシピを検索【けんさく】して。,レシピを、けんさくして。,cooking,レシピ,recipe
煮物を作ります。,I'll make simmered dishes.,煮物【にもの】を作り【つくり】ます。,にものを、つくります。,cooking,煮物,simmered
炒め物にしようか。,Shall we make a stir-fry?,炒め物【いためもの】にしようか。,いためものにしようか。,cooking,炒め物,stir-fry
揚げ物は面倒だな。,Deep frying is a hassle.,揚げ物【あげもの】は面倒【めんどう】だな。,あげものはめんどうだな。,cooking,揚げ物,deep-fried food
電子レンジで温めて。,Heat it in the microwave.,電子【でんし】レンジで温め【あたため】て。,でんしレンジであたためて。,cooking,電子レンジ,microwave
お弁当を作らなきゃ。,I need to make lunch boxes.,お弁当【べんとう】を作ら【つくら】なきゃ。,おべんとうを、つくらなきゃ。,cooking,お弁当,lunch box
朝ごはんできたよ。,Breakfast is ready.,朝ごはん【あさごはん】できたよ。,あさごはんできたよ。,cooking,朝ごはん,breakfast
食器を洗ってくれる?,Can you wash the dishes?,食器【しょっき】を洗っ【あらっ】てくれる?,しょっきを、あらってくれる?,cooking,食器,dishes
残り物で何か作ろう。,Let's make something with leftovers.,残り物【のこりもの】で何【なん】か作ろう【つくろう】。,のこりものでなんかつくろう。,cooking,残り物,leftovers
味が薄いかな?,Is the flavor too weak?,味【あじ】が薄い【うすい】かな?,あじが、うすいかな?,cooking,味,flavor
もう少し煮込んで。,Simmer it a bit more.,もう少し【すこし】煮込ん【にこん】で。,もうすこしにこんで。,cooking,煮込む,simmer
蒸し器を使います。,I'll use the steamer.,蒸し器【むしき】を使い【つかい】ます。,むしきを、つかいます。,cooking,蒸し器,steamer
人参を薄切りにして。,Slice the carrots thin.,人参【にんじん】を薄切り【うすぎり】にして。,にんじんを、うすぎりにして。,cooking,薄切り,thin slice
玉ねぎをみじん切りにして。,Dice the onion.,玉ねぎ【たまねぎ】をみじん切り【ぎり】にして。,たまねぎを、みじんぎりにして。,cooking,みじん切り,minced/diced
キャベツを千切りにして。,Shred the cabbage.,キャベツを千切り【ちぎり】にして。,キャベツを、ちぎりにして。,cooking,千切り,shredded
肉を一口大に切って。,Cut the meat into bite-size pieces.,肉【にく】を一口【ひとくち】大【だい】に切っ【きっ】て。,にくを、ひとくちだいにきって。,cooking,一口大,bite-size
野菜を乱切りにする。,Cut the vegetables into chunks.,野菜【やさい】を乱切り【らんぎり】にする。,やさいを、らんぎりにする。,cooking,乱切り,rough cut
お湯を沸かして。,Boil water.,お湯【ゆ】を沸かし【わかし】て。,おゆを、わかして。,cooking,お湯,hot water
パスタを茹でます。,I'll boil the pasta.,パスタを茹で【ゆで】ます。,パスタを、ゆでます。,cooking,パスタ,pasta
卵を溶いて。,Beat the eggs.,卵【たまご】を溶い【とい】て。,たまごを、といて。,cooking,卵,egg
小麦粉をふるって。,Sift the flour.,小【こ】麦粉【むぎこ】をふるって。,こむぎこを、ふるって。,cooking,小麦粉,sift
生地を寝かせて。,Let the dough rest.,生地【きじ】を寝かせ【ねかせ】て。,きじを、ねかせて。,cooking,生地,dough
オーブンで焼きます。,I'll bake it in the oven.,オーブンで焼き【やき】ます。,オーブンでやきます。,cooking,オーブン,oven
グリルで焼いて。,Grill it.,グリルで焼い【やい】て。,グリルでやいて。,cooking,グリル,grill
フライパンで炒めて。,Stir-fry in the pan.,フライパンで炒め【いため】て。,フライパンでいためて。,cooking,フライパン,frying pan
弱火で煮込んで。,Simmer on low heat.,弱火【よわび】で煮込ん【にこん】で。,よわびでにこんで。,cooking,弱火,low heat
強火で一気に。,High heat quickly.,強火【つよび】で一気【いっき】に。,つよびでいっきに。,cooking,強火,high heat
中火にして。,Set to medium heat.,中火【ちゅうび】にして。,ちゅうびにして。,cooking,中火,medium heat
蓋をして。,Put the lid on.,蓋【ふた】をして。,ふたを、して。,cooking,蓋,lid
灰汁を取って。,Skim off the scum.,灰汁【あく】を取っ【とっ】て。,あくを、とって。,cooking,灰汁,scum/foam
味を見てみて。,Taste it.,味【あじ】を見【み】てみて。,あじを、みてみて。,cooking,味を見る,taste
塩コショウで味を整えて。,Season with salt and pepper.,塩【しお】コショウで味【あじ】を整え【ととのえ】て。,しおコショウであじを、ととのえて。,cooking,塩コショウ,salt and pepper
お皿に盛り付けて。,Plate it.,お皿【さら】に盛り付け【もりつけ】て。,おさらにもりつけて。,cooking,盛り付ける,plate/serve
熱いうちに食べてね。,Eat while it's hot.,熱い【あつい】うちに食べ【たべ】てね。,あついうちにたべてね。,cooking,熱いうちに,while hot
冷めないうちにどうぞ。,Please eat before it gets cold.,冷め【さめ】ないうちにどうぞ。,さめないうちにどうぞ。,cooking,冷める,get cold
レンジで3分温めて。,Microwave for 3 minutes.,レンジで3分【ぷん】温め【あたため】て。,レンジで3ぷんあたためて。,cooking,レンジ,microwave
解凍してから使って。,Defrost before using.,解凍【かいとう】してから使っ【つかっ】て。,かいとうしてからつかって。,cooking,解凍,defrost
冷凍庫に入れておいて。,Put it in the freezer.,冷凍【れいとう】庫【こ】に入れ【いれ】ておいて。,れいとうこにいれておいて。,cooking,冷凍庫,freezer
常温に戻してから。,Let it come to room temperature first.,常温【じょうおん】に戻し【もどし】てから。,じょうおんにもどしてから。,cooking,常温,room temperature
賞味期限が切れてる。,It's past the expiration date.,賞味【しょうみ】期限【きげん】が切れ【きれ】てる。,しょうみきげんが、きれてる。,cooking,賞味期限,expiration date
まだ食べられるかな。,Can we still eat this?,まだ食べ【たべ】られるかな。,まだたべられるかな。,cooking,食べられる,can eat
匂いを嗅いでみて。,Smell it.,匂い【におい】を嗅い【かい】でみて。,においを、かいでみて。,cooking,匂い,smell
傷んでるみたい。,It seems spoiled.,傷ん【いたん】でるみたい。,いたんでるみたい。,cooking,傷,spoil
もったいないけど捨てよう。,It's wasteful but let's throw it away.,もったいないけど捨てよう【すてよう】。,もったいないけどすてよう。,cooking,捨,wasteful
残り物を使い切ろう。,Let's use up the leftovers.,残り物【のこりもの】を使い【つかい】切ろう【きろう】。,のこりものを、つかいきろう。,cooking,残り物,leftovers
連絡帳に書いてあった。,It was written in the communication notebook.,連絡【れんらく】帳【ちょう】に書い【かい】てあった。,れんらくちょうにかいてあった。,school,連絡帳,communication notebook
懇談会は何時からですか?,What time does the parent meeting start?,懇談【こんだん】会【かい】は何時【いつ】からですか?,こんだんかいはいつからですか?,school,懇談会,parent meeting
PTAの会議に出なきゃ。,I have to attend the PTA meeting.,PTAの会議【かいぎ】に出【で】なきゃ。,PTAのかいぎにでなきゃ。,school,PTA,PTA
運動会はいつですか?,When is the sports day?,運動【うんどう】会【かい】はいつですか?,うんどうかいはいつですか?,school,運動会,sports day
参観日に行きます。,I'll go to the class observation day.,参観【さんかん】日【ひ】に行き【いき】ます。,さんかんひにいきます。,school,参観日,parents day
給食費を払いましたか?,Did you pay the school lunch fee?,給食【きゅうしょく】費【ひ】を払い【はらい】ましたか?,きゅうしょくひを、はらいましたか?,school,給食費,school lunch fee
宿題は終わった?,Did you finish your homework?,宿題【しゅくだい】は終わっ【おわっ】た?,しゅくだいはおわった?,school,宿題,homework
明日の持ち物を確認して。,Check what you need to bring tomorrow.,明日【あす】の持ち物【もちもの】を確認【かくにん】して。,あすのもちものを、かくにんして。,school,持ち物,belongings
体操服を洗濯に出して。,Put your gym clothes in the laundry.,体操【たいそう】服【ふく】を洗濯【せんたく】に出し【だし】て。,たいそうふくを、せんたくにだして。,school,体操服,gym clothes
上履きを持って帰ってきて。,Bring your indoor shoes home.,上履き【うわばき】を持っ【もっ】て帰っ【かえっ】てきて。,うわばきを、もってかえってきて。,school,上履き,indoor shoes
先生に連絡しなきゃ。,I need to contact the teacher.,先生【せんせい】に連絡【れんらく】しなきゃ。,せんせいにれんらくしなきゃ。,school,先生,teacher
学校を休ませます。,I'll keep my child home from school.,学校【がっこう】を休ま【やすま】せます。,がっこうを、やすませます。,school,学校,school
遠足の準備をしよう。,Let's prepare for the field trip.,遠足【えんそく】の準備【じゅんび】をしよう。,えんそくのじゅんびを、しよう。,school,遠足,field trip
成績表をもらった?,Did you get your report card?,成績【せいせき】表【ひょう】をもらった?,せいせきひょうを、もらった?,school,成績表,report card
入学式の準備をしよう。,Let's prepare for the entrance ceremony.,入学【にゅうがく】式【しき】の準備【じゅんび】をしよう。,にゅうがくしきのじゅんびを、しよう。,school,入学式,entrance ceremony
卒業式に出席します。,I'll attend the graduation ceremony.,卒業【そつぎょう】式【しき】に出席【しゅっせき】します。,そつぎょうしきにしゅっせきします。,school,卒業式,graduation
授業参観があります。,There's a class observation.,授業【じゅぎょう】参観【さんかん】があります。,じゅぎょうさんかんが、あります。,school,授業参観,class
個人面談の予約を取った。,I made an appointment for a parent-teacher meeting.,個人【こじん】面談【めんだん】の予約【よやく】を取っ【とっ】た。,こじんめんだんのよやくを、とった。,school,個人面談,meeting
三者面談に行かなきゃ。,I have to go to the three-way conference.,三【さん】者【しゃ】面談【めんだん】に行か【いか】なきゃ。,さんしゃめんだんにいかなきゃ。,school,三者面談,parent-teacher conf
通知表をもらってきた?,Did you bring your report card?,通知【つうち】表【ひょう】をもらってきた?,つうちひょうを、もらってきた?,school,通知表,report card
テストはどうだった?,How was the test?,テストはどうだった?,テストはどうだった?,school,テスト,test
もっと勉強しなさい。,Study more.,もっと勉強【べんきょう】しなさい。,もっとべんきょうしなさい。,school,勉強,study
予習をしておいてね。,Do the preview study.,予習【よしゅう】をしておいてね。,よしゅうを、しておいてね。,school,予習,preview
復習が大事だよ。,Review is important.,復習【ふくしゅう】が大事【だいじ】だよ。,ふくしゅうが、だいじだよ。,school,復習,review
この問題わかる?,Do you understand this problem?,この問題【もんだい】わかる?,このもんだいわかる?,school,問題,understand
教えてあげようか?,Shall I help you?,教え【おしえ】てあげようか?,おしえてあげようか?,school,教える,teach
自分で考えてみて。,Try thinking for yourself.,自分【じぶん】で考え【かんがえ】てみて。,じぶんでかんがえてみて。,school,自分,oneself
字をきれいに書いて。,Write neatly.,字【じ】をきれいに書い【かい】て。,じを、きれいにかいて。,school,字,write
消しゴムを使って。,Use the eraser.,消し【けし】ゴムを使っ【つかっ】て。,けしゴムを、つかって。,school,消しゴム,eraser
鉛筆を削ってね。,Sharpen your pencil.,鉛筆【えんぴつ】を削っ【けずっ】てね。,えんぴつを、けずってね。,school,鉛筆,pencil
ノートに書いて。,Write it in your notebook.,ノートに書い【かい】て。,ノートにかいて。,school,ノート,write
教科書を開いて。,Open your textbook.,教科【きょうか】書【しょ】を開い【ひらい】て。,きょうかしょを、ひらいて。,school,教科書,open
プリントを忘れないで。,Don't forget the handout.,プリントを忘れ【わすれ】ないで。,プリントを、わすれないで。,school,プリント,forget
ランドセルに入れた?,Did you put it in your school bag?,ランドセルに入れ【いれ】た?,ランドセルにいれた?,school,ランドセル,school bag
友達と仲良くしてね。,Get along with your friends.,友達【ともだち】と仲良く【なかよく】してね。,ともだちとなかよくしてね。,school,友達,friends
いじめはダメだよ。,Bullying is not okay.,いじめはダメだよ。,いじめはダメだよ。,school,ダメ,bullying
困ったら先生に相談して。,If you have trouble talk to your teacher.,困っ【こまっ】たら先生【せんせい】に相談【そうだん】して。,こまったらせんせいにそうだんして。,school,先生,teacher
今日は学校どうだった?,How was school today?,今日【きょう】は学校【がっこう】どうだった?,きょうはがっこうどうだった?,school,学校,school
楽しかった?,Did you have fun?,楽しかっ【たのしかっ】た?,たのしかった?,school,楽,fun
包丁を研いでくれる?,Can you sharpen the knife?,包丁【ほうちょう】を研い【とい】でくれる?,ほうちょうを、といでくれる?,kitchen,包丁,knife
まな板を消毒して。,Disinfect the cutting board.,まな板【まないた】を消毒【しょうどく】して。,まないたを、しょうどくして。,kitchen,まな板,cutting board
フライパンを温めて。,Heat up the frying pan.,フライパンを温め【あたため】て。,フライパンを、あたためて。,kitchen,フライパン,frying pan
鍋が焦げついた。,The pot got burnt.,鍋【なべ】が焦げつい【こげつい】た。,なべが、こげついた。,kitchen,鍋,pot
おたまを取って。,Pass me the ladle.,おたまを取っ【とっ】て。,おたまを、とって。,kitchen,おたま,ladle
菜箸はどこ?,Where are the cooking chopsticks?,菜箸【さいばし】はどこ?,さいばしはどこ?,kitchen,菜箸,cooking chopsticks
ボウルに入れて。,Put it in the bowl.,ボウルに入れ【いれ】て。,ボウルにいれて。,kitchen,ボウル,bowl
ざるで水を切って。,Drain the water with a colander.,ざるで水【みず】を切っ【きっ】て。,ざるでみずを、きって。,kitchen,ざる,colander
計量カップが必要。,I need a measuring cup.,計量【けいりょう】カップが必要【ひつよう】。,けいりょうカップが、ひつよう。,kitchen,計量カップ,measuring cup
タイマーをセットして。,Set the timer.,タイマーをセットして。,タイマーを、セットして。,kitchen,タイマー,timer
炊飯器のスイッチを入れて。,Turn on the rice cooker.,炊飯【すいはん】器【き】のスイッチを入れ【いれ】て。,すいはんきのスイッチを、いれて。,kitchen,炊飯器,rice cooker
オーブンを予熱して。,Preheat the oven.,オーブンを予熱【よねつ】して。,オーブンを、よねつして。,kitchen,オーブン,oven
泡立て器で混ぜて。,Mix with a whisk.,泡立て【あわだて】器【き】で混ぜ【まぜ】て。,あわだてきでまぜて。,kitchen,泡立て器,whisk
ピーラーで皮をむいて。,Peel it with the peeler.,ピーラーで皮【かわ】をむいて。,ピーラーでかわを、むいて。,kitchen,ピーラー,peeler
キッチンペーパーを取って。,Get me some paper towels.,キッチンペーパーを取っ【とっ】て。,キッチンペーパーを、とって。,kitchen,キッチンペーパー,paper towels
ラップをかけて保存して。,Cover with plastic wrap and store.,ラップをかけて保存【ほぞん】して。,ラップを、かけてほぞんして。,kitchen,ラップ,plastic wrap
タッパーに入れて。,Put it in a container.,タッパーに入れ【いれ】て。,タッパーにいれて。,kitchen,タッパー,container
食洗機を回します。,I'll run the dishwasher.,食洗【しょくせん】機【き】を回し【まわし】ます。,しょくせんきを、まわします。,kitchen,食洗機,dishwasher
コンロが汚れている。,The stove is dirty.,コンロが汚れ【よごれ】ている。,コンロが、よごれている。,kitchen,コンロ,stove
換気扇を回して。,Turn on the exhaust fan.,換気【かんき】扇【せん】を回し【まわし】て。,かんきせんを、まわして。,kitchen,換気扇,exhaust fan
美容院を予約した。,I made a hair salon appointment.,美容【びよう】院【いん】を予約【よやく】した。,びよういんを、よやくした。,beauty,美容院,hair salon
3センチ切ってください。,Please cut 3 centimeters.,3センチ切っ【きっ】てください。,3センチきってください。,beauty,3センチ,3 centimeters
前髪を揃えてください。,Please trim my bangs.,前髪【まえがみ】を揃え【そろえ】てください。,まえがみを、そろえてください。,beauty,前髪,bangs
カラーリングをお願いします。,I'd like to get my hair colored.,カラーリングをお願い【ねがい】します。,カラーリングを、おねがいします。,beauty,カラーリング,hair coloring
パーマをかけたいです。,I'd like to get a perm.,パーマをかけたいです。,パーマを、かけたいです。,beauty,パーマ,perm
このサイズはありますか?,Do you have this size?,このサイズはありますか?,このサイズはありますか?,beauty,サイズ,size
試着してもいいですか?,May I try this on?,試着【しちゃく】してもいいですか?,しちゃくしてもいいですか?,beauty,試着,fitting
お直しをお願いできますか?,Can you alter this?,お直し【なおし】をお願い【ねがい】できますか?,おなおしを、おねがいできますか?,beauty,お直し,alterations
教会に行きます。,I'm going to church.,教会【きょうかい】に行き【いき】ます。,きょうかいにいきます。,church,教会,church
日曜礼拝は何時からですか?,What time does Sunday service start?,日曜【にちよう】礼拝【れいはい】は何時【いつ】からですか?,にちようれいはいはいつからですか?,church,日曜礼拝,Sunday service
賛美歌を歌いましょう。,Let's sing hymns.,賛美【さんび】歌【か】を歌い【うたい】ましょう。,さんびかを、うたいましょう。,church,賛美歌,hymns
聖書を読みましょう。,Let's read the Bible.,聖書【せいしょ】を読み【よみ】ましょう。,せいしょを、よみましょう。,church,聖書,Bible
お祈りしましょう。,Let's pray.,お祈り【いのり】しましょう。,おいのりしましょう。,church,お祈り,prayer
牧師さんにお話を聞きたい。,I'd like to talk to the pastor.,牧師【ぼくし】さんにお話【はなし】を聞き【きき】たい。,ぼくしさんにおはなしを、ききたい。,church,牧師,pastor
洗礼を受けたいです。,I'd like to be baptized.,洗礼【せんれい】を受け【うけ】たいです。,せんれいを、うけたいです。,church,洗礼,baptism
聖書勉強会に参加します。,I'll attend Bible study.,聖書【せいしょ】勉強【べんきょう】会【かい】に参加【さんか】します。,せいしょべんきょうかいにさんかします。,church,聖書勉強会,Bible study
日曜学校に子供を連れて行く。,I'll take the children to Sunday school.,日曜【にちよう】学校【がっこう】に子供【こども】を連れ【つれ】て行く【いく】。,にちようがっこうにこどもを、つれていく。,church,日曜学校,Sunday school
救いを信じています。,I believe in salvation.,救い【すくい】を信じ【しんじ】ています。,すくいを、しんじています。,church,救い,salvation
福音を伝えたい。,I want to share the gospel.,福音【ふくいん】を伝え【つたえ】たい。,ふくいんを、つたえたい。,church,福音,gospel
神様に祈ります。,I pray to God.,神【かみ】様【さま】に祈り【いのり】ます。,かみさまにいのります。,church,神様,God
主に感謝します。,I thank the Lord.,主【しゅ】に感謝【かんしゃ】します。,しゅにかんしゃします。,church,主,the Lord
恵みに感謝します。,I'm grateful for the blessings.,恵み【めぐみ】に感謝【かんしゃ】します。,めぐみにかんしゃします。,church,恵み,blessings
食前のお祈りをしよう。,Let's pray before the meal.,食前【しょくぜん】のお祈り【いのり】をしよう。,しょくぜんのおいのりを、しよう。,church,食前,before meal
寝る前にお祈りしようね。,Let's pray before bed.,寝る【ねる】前【まえ】にお祈り【いのり】しようね。,ねるまえにおいのりしようね。,church,寝る前,before bed
教会の人たちは親切だね。,The church people are kind.,教会【きょうかい】の人【ひと】たちは親切【しんせつ】だね。,きょうかいのひとたちはしんせつだね。,church,教会,church
奉仕活動に参加したい。,I want to join volunteer activities.,奉仕【ほうし】活動【かつどう】に参加【さんか】したい。,ほうしかつどうにさんかしたい。,church,奉仕活動,service
永遠の命を信じます。,I believe in eternal life.,永遠【えいえん】の命【いのち】を信じ【しんじ】ます。,えいえんのいのちを、しんじます。,church,永遠の命,eternal life
聖歌隊に入りたい。,I want to join the choir.,聖歌【せいか】隊【たい】に入り【はいり】たい。,せいかたいにはいりたい。,church,聖歌隊,hymn
信仰を大切にしたい。,I want to cherish my faith.,信仰【しんこう】を大切【たいせつ】にしたい。,しんこうを、たいせつにしたい。,church,信仰,faith
お導きください。,Please guide me.,お導き【みちびき】ください。,おみちびきください。,church,導き,guidance
平和のために祈ります。,I pray for peace.,平和【へいわ】のために祈り【いのり】ます。,へいわのためにいのります。,church,平和,peace
家族の健康を祈ります。,I pray for my family's health.,家族【かぞく】の健康【けんこう】を祈り【いのり】ます。,かぞくのけんこうを、いのります。,church,健康,health
感謝の気持ちを忘れずに。,Don't forget to be grateful.,感謝【かんしゃ】の気持ち【きもち】を忘れ【わすれ】ずに。,かんしゃのきもちを、わすれずに。,church,感謝,gratitude
隣人を愛しましょう。,Let us love our neighbors.,隣人【りんじん】を愛し【あいし】ましょう。,りんじんを、あいしましょう。,church,隣人,neighbor
許すことが大切です。,Forgiveness is important.,許す【ゆるす】ことが大切【たいせつ】です。,ゆるすことがたいせつです。,church,大切,important
困っている人を助けよう。,Let's help those in need.,困っ【こまっ】ている人【ひと】を助けよう【たすけよう】。,こまっているひとを、たすけよう。,church,困っている人,people in need
思いやりの心を持とう。,Let's have compassion.,思いやり【おもいやり】の心【こころ】を持とう【もとう】。,おもいやりのこころを、もとう。,church,思いやり,compassion
正直に生きよう。,Let's live honestly.,正直【しょうじき】に生きよう【いきよう】。,しょうじきにいきよう。,church,正直,honest
希望を持って生きよう。,Let's live with hope.,希望【きぼう】を持っ【もっ】て生きよう【いきよう】。,きぼうを、もっていきよう。,church,希望,hope
地震だ!,Earthquake!,地震【じしん】だ!,じしんだ!,disaster,地震,earthquake
机の下に隠れて!,Get under the desk!,机【つくえ】の下【した】に隠れ【かくれ】て!,つくえのしたにかくれて!,disaster,机の下,under desk
津波警報が出ました。,A tsunami warning was issued.,津波【つなみ】警報【けいほう】が出【で】ました。,つなみけいほうが、でました。,disaster,津波警報,tsunami warning
高台に逃げてください。,Evacuate to higher ground.,高台【たかだい】に逃げ【にげ】てください。,たかだいににげてください。,disaster,高台,higher ground
台風が近づいています。,A typhoon is approaching.,台風【たいふう】が近づい【ちかづい】ています。,たいふうが、ちかづいています。,disaster,台風,typhoon
洪水の危険があります。,There's a risk of flooding.,洪水【こうずい】の危険【きけん】があります。,こうずいのきけんが、あります。,disaster,洪水,flood
余震に気をつけて。,Be careful of aftershocks.,余震【よしん】に気【き】をつけて。,よしんにきを、つけて。,disaster,余震,aftershock
ガスの元栓を閉めて。,Turn off the gas main valve.,ガスの元栓【もとせん】を閉め【しめ】て。,ガスのもとせんを、しめて。,disaster,元栓,main valve
ブレーカーを落として。,Turn off the breaker.,ブレーカーを落とし【おとし】て。,ブレーカーを、おとして。,disaster,ブレーカー,breaker
安否確認をしなきゃ。,I need to check if everyone is safe.,安否【あんぴ】確認【かくにん】をしなきゃ。,あんぴかくにんを、しなきゃ。,disaster,安否確認,safety check
家族と連絡が取れない。,I can't reach my family.,家族【かぞく】と連絡【れんらく】が取れ【とれ】ない。,かぞくとれんらくが、とれない。,disaster,家族,family
スーパーに行ってくる。,I'm going to the supermarket.,スーパーに行っ【いっ】てくる。,スーパーにいってくる。,grocery,スーパー,supermarket
特売があるみたい。,There seems to be a sale.,特売【とくばい】があるみたい。,とくばいが、あるみたい。,grocery,特売,sale
今日は何が安い?,What's on sale today?,今日【きょう】は何【なに】が安い【やすい】?,きょうはなにが、やすい?,grocery,安い,cheap/on sale
賞味期限を確認して。,Check the expiration date.,賞味【しょうみ】期限【きげん】を確認【かくにん】して。,しょうみきげんを、かくにんして。,grocery,賞味期限,expiration date
ポイントカードはお持ちですか?,Do you have a point card?,ポイントカードはお持ち【もち】ですか?,ポイントカードはおもちですか?,grocery,ポイントカード,point card
エコバッグを持ってきた。,I brought my eco bag.,エコバッグを持っ【もっ】てきた。,エコバッグを、もってきた。,grocery,エコバッグ,eco bag
レジが混んでいる。,The checkout line is crowded.,レジが混ん【こん】でいる。,レジが、こんでいる。,grocery,レジ,register
カートを取ってきて。,Get a shopping cart.,カートを取っ【とっ】てきて。,カートを、とってきて。,grocery,カート,cart
買い物リストを作った。,I made a shopping list.,買い物【かいもの】リストを作っ【つくっ】た。,かいものリストを、つくった。,grocery,買い物リスト,shopping list
冷凍食品コーナーはどこ?,Where is the frozen food section?,冷凍【れいとう】食品【しょくひん】コーナーはどこ?,れいとうしょくひんコーナーはどこ?,grocery,冷凍食品,frozen food
お惣菜を買おうか。,Shall we buy some prepared food?,お惣菜【そうざい】を買おう【かおう】か。,おそうざいを、かおうか。,grocery,お惣菜,prepared food
試食できますか?,Can I try a sample?,試食【ししょく】できますか?,ししょくできますか?,grocery,試食,tasting
これは国産ですか?,Is this domestic?,これは国産【こくさん】ですか?,これはこくさんですか?,grocery,国産,domestic
有機野菜を探しています。,I'm looking for organic vegetables.,有機【ゆうき】野菜【やさい】を探し【さがし】ています。,ゆうきやさいを、さがしています。,grocery,有機野菜,organic vegetables
会計は現金でお願いします。,I'll pay in cash.,会計【かいけい】は現金【げんきん】でお願い【ねがい】します。,かいけいはげんきんでおねがいします。,grocery,会計,checkout
クレジットカードは使えますか?,Can I use a credit card?,クレジットカードは使え【つかえ】ますか?,クレジットカードはつかえますか?,grocery,クレジットカード,credit card
袋は要りません。,I don't need a bag.,袋【ふくろ】は要り【いり】ません。,ふくろはいりません。,grocery,袋,bag
セルフレジを使います。,I'll use the self-checkout.,セルフレジを使い【つかい】ます。,セルフレジを、つかいます。,grocery,セルフレジ,self-checkout
玉ねぎが高くなった。,Onions have gotten expensive.,玉ねぎ【たまねぎ】が高く【たかく】なった。,たまねぎが、たかくなった。,grocery,玉ねぎ,onion
まとめ買いした方がお得です。,Buying in bulk is a better deal.,まとめ買い【まとめがい】した方【ほう】がお得【とく】です。,まとめがいしたほうが、おとくです。,grocery,お得,good deal
公園に行こう。,Let's go to the park.,公園【こうえん】に行こう【いこう】。,こうえんにいこう。,parks,公園,park
遊園地に連れて行って。,Take me to the amusement park.,遊園【ゆうえん】地【ち】に連れ【つれ】て行っ【いっ】て。,ゆうえんちにつれていって。,parks,遊園地,amusement park
動物園は何時まで?,Until what time is the zoo open?,動物【どうぶつ】園【えん】は何【なん】時【じ】まで?,どうぶつえんはなんじまで?,parks,動物園,zoo
ピクニックをしよう。,Let's have a picnic.,ピクニックをしよう。,ピクニックを、しよう。,parks,ピクニック,picnic
お弁当を持って行こう。,Let's bring lunch boxes.,お弁当【べんとう】を持っ【もっ】て行こう【いこう】。,おべんとうを、もっていこう。,parks,お弁当,lunch box
滑り台で遊ぼう。,Let's play on the slide.,滑り台【すべりだい】で遊ぼう【あそぼう】。,すべりだいであそぼう。,parks,滑り台,slide
ブランコに乗りたい。,I want to ride the swing.,ブランコに乗り【のり】たい。,ブランコにのりたい。,parks,ブランコ,swing
今日は暑いですね。,It's hot today isn't it.,今日【きょう】は暑い【あつい】ですね。,きょうはあついですね。,small-talk,暑い,hot
雨が降りそうですね。,It looks like it might rain.,雨【あめ】が降り【ふり】そうですね。,あめが、ふりそうですね。,small-talk,雨,rain
桜がきれいですね。,The cherry blossoms are beautiful.,桜【さくら】がきれいですね。,さくらが、きれいですね。,small-talk,桜,cherry blossoms
お子さんは何歳ですか?,How old is your child?,お子【こ】さんは何【なん】歳【さい】ですか?,おこさんはなんさいですか?,small-talk,お子さん,child
最近お忙しいですか?,Have you been busy lately?,最近【さいきん】お忙しい【いそがしい】ですか?,さいきんおいそがしいですか?,small-talk,忙しい,busy
お元気ですか?,How are you?,お元気【げんき】ですか?,おげんきですか?,small-talk,元気,healthy
良い天気ですね。,Nice weather isn't it.,良い【よい】天気【てんき】ですね。,よいてんきですね。,small-talk,天気,weather
寒くなりましたね。,It's gotten cold hasn't it.,寒く【さむく】なりましたね。,さむくなりましたね。,small-talk,寒い,cold
いいお天気ですね。,It's nice weather.,いいお天気【てんき】ですね。,いいおてんきですね。,small-talk,天気,weather
蒸し暑いですね。,It's humid.,蒸し暑い【むしあつい】ですね。,むしあついですね。,small-talk,蒸し暑い,humid
涼しくなりましたね。,It's gotten cool.,涼しく【すずしく】なりましたね。,すずしくなりましたね。,small-talk,涼しい,cool
春らしくなってきましたね。,It's starting to feel like spring.,春【はる】らしくなってきましたね。,はるらしくなってきましたね。,small-talk,春,spring
紅葉がきれいですね。,The autumn leaves are beautiful.,紅葉【こうよう】がきれいですね。,こうようが、きれいですね。,small-talk,紅葉,autumn
雪が降りそうですね。,It looks like it might snow.,雪【ゆき】が降り【ふり】そうですね。,ゆきが、ふりそうですね。,small-talk,雪,snow
風が強いですね。,The wind is strong.,風【かぜ】が強い【つよい】ですね。,かぜが、つよいですね。,small-talk,風,wind
お子さん大きくなりましたね。,Your child has grown.,お子【こ】さん大きく【おおきく】なりましたね。,おこさんおおきくなりましたね。,small-talk,お子さん,your child
お元気そうで何よりです。,I'm glad you look well.,お元気【げんき】そうで何【なに】よりです。,おげんきそうでなによりです。,small-talk,元気,healthy/well
最近どうですか?,How have you been?,最近【さいきん】どうですか?,さいきんどうですか?,small-talk,最近,recently
お久しぶりです。,Long time no see.,お久し【ひさし】ぶりです。,おひさしぶりです。,small-talk,お久しぶり,long time no see
またお会いできて嬉しいです。,Nice to see you again.,またお会い【あい】できて嬉しい【うれしい】です。,また、おあいできてうれしいです。,small-talk,会う,meet
今度ゆっくりお話ししましょう。,Let's chat properly sometime.,今度【こんど】ゆっくりお話し【はなし】しましょう。,こんどゆっくりおはなししましょう。,small-talk,今度,next time
お体に気をつけてください。,Please take care of yourself.,お体【からだ】に気【き】をつけてください。,おからだにきを、つけてください。,small-talk,気をつける,be careful
風邪をひかないでくださいね。,Don't catch a cold.,風邪【かぜ】をひかないでくださいね。,かぜを、ひかないでくださいね。,small-talk,風邪,cold
お気をつけてお帰りください。,Get home safely.,お気【き】をつけてお帰り【かえり】ください。,おきを、つけておかえりください。,small-talk,気をつける,be careful
素敵なお洋服ですね。,What lovely clothes.,素敵【すてき】なお洋服【ようふく】ですね。,すてきなおようふくですね。,small-talk,素敵,lovely
髪型変えましたか?,Did you change your hairstyle?,髪型【かみがた】変え【かえ】ましたか?,かみがたかえましたか?,small-talk,髪型,hairstyle
その鞄素敵ですね。,That bag is lovely.,その鞄【かばん】素敵【すてき】ですね。,そのかばんすてきですね。,small-talk,鞄,bag
どちらで買われたんですか?,Where did you buy it?,どちらで買わ【かわ】れたんですか?,どちらでかわれたんですか?,small-talk,鞄,bag
よくできたね!,You did great!,よくできたね!,よくできたね!,discipline,よくできたね,well done
頑張ったね。,You worked hard.,頑張っ【がんばっ】たね。,がんばったね。,discipline,頑張る,try hard
偉いね。,Good job.,偉い【えらい】ね。,えらいね。,discipline,偉い,good job
約束を守ってね。,Keep your promise.,約束【やくそく】を守っ【まもっ】てね。,やくそくを、まもってね。,discipline,約束,promise
ダメって言ったでしょ。,I said no.,ダメって言っ【いっ】たでしょ。,ダメっていったでしょ。,discipline,ダメ,no/don't
ちゃんと聞いて。,Listen properly.,ちゃんと聞い【きい】て。,ちゃんときいて。,discipline,聞く,listen
喧嘩しないで。,Don't fight.,喧嘩【けんか】しないで。,けんかしないで。,discipline,喧嘩,fight
順番を守って。,Wait your turn.,順番【じゅんばん】を守っ【まもっ】て。,じゅんばんを、まもって。,discipline,順番,turn
片付けなさい。,Clean up.,片付け【かたづけ】なさい。,かたづけなさい。,discipline,片付ける,clean up
ごめんなさいは?,Say sorry.,ごめんなさいは?,ごめんなさいは?,discipline,ごめんなさい,sorry
カートに入れる。,Add to cart.,カートに入れる【いれる】。,カートにいれる。,online-shopping,カート,cart
注文を確定する。,Confirm order.,注文【ちゅうもん】を確定【かくてい】する。,ちゅうもんを、かくていする。,online-shopping,確定,confirm
送料はいくらですか?,How much is shipping?,送料【そうりょう】はいくらですか?,そうりょうはいくらですか?,online-shopping,送料,shipping
届け先を変更したい。,I want to change the delivery address.,届け先【とどけさき】を変更【へんこう】したい。,とどけさきを、へんこうしたい。,online-shopping,届け先,delivery address
配達日を指定できますか?,Can I specify the delivery date?,配達【はいたつ】日【ひ】を指定【してい】できますか?,はいたつひを、していできますか?,online-shopping,配達日,delivery date
時間指定をお願いします。,Please specify a delivery time.,時間【じかん】指定【してい】をお願い【ねがい】します。,じかんしていを、おねがいします。,online-shopping,時間指定,time specification
置き配でお願いします。,Please leave it at the door.,置き【おき】配【はい】でお願い【ねがい】します。,おきはいでおねがいします。,online-shopping,置き配,doorstep delivery
再配達をお願いします。,Please redeliver.,再【さい】配達【はいたつ】をお願い【ねがい】します。,さいはいたつを、おねがいします。,online-shopping,再配達,redelivery
荷物が届かない。,The package hasn't arrived.,荷物【にもつ】が届か【とどか】ない。,にもつが、とどかない。,online-shopping,荷物,package
追跡番号を教えてください。,Please tell me the tracking number.,追跡【ついせき】番号【ばんごう】を教え【おしえ】てください。,ついせきばんごうを、おしえてください。,online-shopping,追跡番号,tracking number
返品したいのですが。,I'd like to return this.,返品【へんぴん】したいのですが。,へんぴんしたいのですが。,online-shopping,返品,return
交換してもらえますか?,Can I exchange this?,交換【こうかん】してもらえますか?,こうかんしてもらえますか?,online-shopping,交換,replace
キャンセルしたいです。,I want to cancel.,キャンセルしたいです。,キャンセルしたいです。,online-shopping,キャンセル,cancel
返金されますか?,Will I get a refund?,返金【へんきん】されますか?,へんきんされますか?,online-shopping,返金,refund
パスワードを忘れました。,I forgot my password.,パスワードを忘れ【わすれ】ました。,パスワードを、わすれました。,online-shopping,パスワード,password
会員登録をしたい。,I want to register.,会員【かいいん】登録【とうろく】をしたい。,かいいんとうろくを、したい。,online-shopping,会員登録,registration
美容院の予約を取った。,I made a hair salon appointment.,美容【びよう】院【いん】の予約【よやく】を取っ【とっ】た。,びよういんのよやくを、とった。,self-care,美容院,hair salon
髪を切りたい。,I want to get a haircut.,髪【かみ】を切り【きり】たい。,かみを、きりたい。,self-care,髪,hair
カラーをお願いします。,I'd like to get my hair colored.,カラーをお願い【ねがい】します。,カラーを、おねがいします。,self-care,カラー,hair color
化粧品を買わなきゃ。,I need to buy cosmetics.,化粧【けしょう】品【ひん】を買わ【かわ】なきゃ。,けしょうひんを、かわなきゃ。,self-care,化粧品,cosmetics
マッサージに行きたい。,I want to go for a massage.,マッサージに行き【いき】たい。,マッサージにいきたい。,self-care,マッサージ,massage
ネイルをしてもらった。,I got my nails done.,ネイルをしてもらった。,ネイルを、してもらった。,self-care,ネイル,nails
にんじんを3本ください。,Three carrots please.,にんじんを3本【ぽん】ください。,にんじんを、3ぽんください。,ingredients,にんじん,carrot
キャベツを半分に切ってもらえますか?,Can you cut the cabbage in half?,キャベツを半分【はんぶん】に切っ【きっ】てもらえますか?,キャベツを、はんぶんにきってもらえますか?,ingredients,キャベツ,cabbage
豚肉の薄切りをお願いします。,Thinly sliced pork please.,豚肉【ぶたにく】の薄切り【うすぎり】をお願い【ねがい】します。,ぶたにくのうすぎりを、おねがいします。,ingredients,豚肉,pork
鶏もも肉を2枚ください。,Two chicken thighs please.,鶏【とり】もも肉【ももにく】を2枚【まい】ください。,とりももにくを、2まいください。,ingredients,鶏もも肉,chicken thigh
ひき肉は何グラム必要?,How many grams of ground meat do we need?,ひき肉【ひきにく】は何【なん】グラム必要【ひつよう】?,ひきにくはなんグラムひつよう?,ingredients,ひき肉,ground meat
今日は魚が新鮮だね。,The fish is fresh today.,今日【きょう】は魚【さかな】が新鮮【しんせん】だね。,きょうはさかなが、しんせんだね。,ingredients,魚,fish
刺身用のサーモンはありますか?,Do you have salmon for sashimi?,刺身【さしみ】用【よう】のサーモンはありますか?,さしみようのサーモンはありますか?,ingredients,刺身,sashimi
卵を1パック買って。,Buy a pack of eggs.,卵【たまご】を1パック買っ【かっ】て。,たまごを、1パックかって。,ingredients,卵,eggs
牛乳がもうすぐ切れる。,We're almost out of milk.,牛乳【ぎゅうにゅう】がもうすぐ切れる【きれる】。,ぎゅうにゅうが、もうすぐきれる。,ingredients,牛乳,milk
豆腐は絹ごしにする?,Should we get silken tofu?,豆腐【とうふ】は絹ごし【きぬごし】にする?,とうふはきぬごしにする?,ingredients,豆腐,tofu
油揚げを買い忘れた。,I forgot to buy fried tofu.,油揚げ【あぶらあげ】を買い【かい】忘れ【わすれ】た。,あぶらあげを、かいわすれた。,ingredients,油揚げ,fried tofu
しょうゆが足りない。,We don't have enough soy sauce.,しょうゆが足り【たり】ない。,しょうゆがたりない。,ingredients,しょうゆ,soy sauce
みりんを入れて。,Add mirin.,みりんを入れ【いれ】て。,みりんを、いれて。,ingredients,みりん,mirin
味噌はどれがいい?,Which miso is good?,味噌【みそ】はどれがいい?,みそはどれがいい?,ingredients,味噌,miso
だしの素を使おう。,Let's use instant dashi.,だしの素【そ】を使おう【つかおう】。,だしのそを、つかおう。,ingredients,だしの素,dashi stock
ごま油の香りがいいね。,The sesame oil smells good.,ごま油【ゆ】の香り【かおり】がいいね。,ごまゆのかおりが、いいね。,ingredients,ごま油,sesame oil
お酢を少し入れて。,Add a little vinegar.,お酢【す】を少し【すこし】入れ【いれ】て。,おすを、すこしいれて。,ingredients,お酢,vinegar
砂糖は控えめにして。,Go easy on the sugar.,砂糖【さとう】は控えめ【ひかえめ】にして。,さとうはひかえめにして。,ingredients,砂糖,sugar
バターが冷蔵庫にある。,There's butter in the fridge.,バターが冷蔵【れいぞう】庫【こ】にある。,バターが、れいぞうこにある。,ingredients,バター,butter
生姜をすりおろして。,Grate the ginger.,生姜【しょうが】をすりおろして。,しょうがを、すりおろして。,ingredients,生姜,ginger
にんにくを刻んで。,Chop the garlic.,にんにくを刻ん【きざん】で。,にんにくを、きざんで。,ingredients,にんにく,garlic
ネギを小口切りにして。,Cut the green onion into small pieces.,ネギを小口【こぐち】切り【ぎり】にして。,ネギを、こぐちぎりにして。,ingredients,ネギ,green onion
大根おろしを作って。,Make grated daikon.,大根【だいこん】おろしを作っ【つくっ】て。,だいこんおろしを、つくって。,ingredients,大根おろし,grated daikon
きのこは何がある?,What mushrooms do we have?,きのこは何【なに】がある?,きのこはなにが、ある?,ingredients,きのこ,mushroom
家計簿をつけています。,I keep a household budget.,家計【かけい】簿【ぼ】をつけています。,かけいぼを、つけています。,finances,家計簿,household budget
今月は節約しなきゃ。,We need to save money this month.,今月【こんげつ】は節約【せつやく】しなきゃ。,こんげつはせつやくしなきゃ。,finances,節約,save money
光熱費が高い。,The utility bills are high.,光熱【こうねつ】費【ひ】が高い【たかい】。,こうねつひが、たかい。,finances,光熱費,utility bills
電気代を節約しよう。,Let's save on electricity.,電気【でんき】代【だい】を節約【せつやく】しよう。,でんきだいを、せつやくしよう。,finances,電気代,electricity bill
口座の残高を確認して。,Check the account balance.,口座【こうざ】の残高【ざんだか】を確認【かくにん】して。,こうざのざんだかを、かくにんして。,finances,口座,account
クレジットカードの請求が来た。,The credit card bill arrived.,クレジットカードの請求【せいきゅう】が来【き】た。,クレジットカードのせいきゅうが、きた。,finances,請求,bill
保険の更新がある。,The insurance renewal is coming up.,保険【ほけん】の更新【こうしん】がある。,ほけんのこうしんが、ある。,finances,保険,insurance
税金の支払いを忘れないで。,Don't forget to pay the taxes.,税金【ぜいきん】の支払い【しはらい】を忘れ【わすれ】ないで。,ぜいきんのしはらいを、わすれないで。,finances,税金,taxes
温めますか?,Would you like this heated?,温め【あたため】ますか?,あたためますか?,convenience,温める,heat
お箸をつけますか?,Would you like chopsticks?,お箸【はし】をつけますか?,おはしを、つけますか?,convenience,お箸,chopsticks
袋は要りますか?,Do you need a bag?,袋【ふくろ】は要り【いり】ますか?,ふくろはいりますか?,convenience,袋,bag
ポイントカードはお持ちですか?,Do you have a point card?,ポイントカードはお持ち【もち】ですか?,ポイントカードはおもちですか?,convenience,ポイントカード,point card
お弁当を温めてください。,Please heat up the bento.,お弁当【べんとう】を温め【あたため】てください。,おべんとうを、あたためてください。,convenience,お弁当,lunch box
肉まんを1つください。,One nikuman please.,肉まん【にくまん】を1つください。,にくまんを、1つください。,convenience,肉まん,meat bun
おでんをください。,Oden please.,おでんをください。,おでんを、ください。,convenience,おでん,oden
おにぎりを2つください。,Two rice balls please.,おにぎりを2つください。,おにぎりを、2つください。,convenience,おにぎり,rice ball
からあげクンをください。,Karaage-kun please.,からあげクンをください。,からあげクンを、ください。,convenience,からあげクン,karaage-kun
ATMはどこですか?,Where is the ATM?,ATMはどこですか?,ATMはどこですか?,convenience,ATM,ATM
コピー機を使いたいのですが。,I'd like to use the copy machine.,コピー機【き】を使い【つかい】たいのですが。,コピーきを、つかいたいのですが。,convenience,コピー機,copy machine
荷物を送りたいのですが。,I'd like to send a package.,荷物【にもつ】を送り【おくり】たいのですが。,にもつを、おくりたいのですが。,convenience,荷物,package
チケットを発券したいです。,I'd like to pick up my tickets.,チケットを発券【はっけん】したいです。,チケットを、はっけんしたいです。,convenience,発券,ticket pickup
公共料金を払いたいです。,I'd like to pay my utility bills.,公共【こうきょう】料金【りょうきん】を払い【はらい】たいです。,こうきょうりょうきんを、はらいたいです。,convenience,公共料金,utility bills
映画を見に行こう。,Let's go see a movie.,映画【えいが】を見【み】に行こう【いこう】。,えいがを、みにいこう。,cinema,映画,movie
上映時間は何時ですか?,What time does it start?,上映【じょうえい】時間【じかん】は何時【いつ】ですか?,じょうえいじかんはいつですか?,cinema,上映時間,showtime
チケットを2枚ください。,Two tickets please.,チケットを2枚【まい】ください。,チケットを、2まいください。,cinema,チケット,ticket
席は選べますか?,Can I choose my seats?,席【せき】は選べ【えらべ】ますか?,せきはえらべますか?,cinema,席,seat
ポップコーンを買おう。,Let's buy popcorn.,ポップコーンを買おう【かおう】。,ポップコーンを、かおう。,cinema,ポップコーン,popcorn
字幕版と吹き替え版どっち?,Subtitled or dubbed?,字幕【じまく】版【ばん】と吹き替え【ふきかえ】版【ばん】どっち?,じまくばんとふきかえばんどっち?,cinema,吹き替え版,dubbed
今日は肉じゃがを作ろう。,Let's make nikujaga today.,今日【きょう】は肉じゃが【にくじゃが】を作ろう【つくろう】。,きょうはにくじゃがを、つくろう。,japanese-cuisine,肉じゃが,nikujaga
味噌汁の具は何にする?,What should we put in the miso soup?,味噌【みそ】汁【しる】の具【ぐ】は何【なに】にする?,みそしるのぐはなににする?,japanese-cuisine,具,ingredients
おひたしを作ります。,I'll make ohitashi.,おひたしを作り【つくり】ます。,おひたしを、つくります。,japanese-cuisine,おひたし,ohitashi
切り干し大根を戻して。,Rehydrate the dried daikon.,切り干し【きりぼし】大根【だいこん】を戻し【もどし】て。,きりぼしだいこんを、もどして。,japanese-cuisine,切り干し大根,dried daikon
ぬか漬けを取り出して。,Take out the pickles from the rice bran.,ぬか漬け【ぬかづけ】を取り出し【とりだし】て。,ぬかづけを、とりだして。,japanese-cuisine,ぬか漬け,rice bran pickles
炊き込みご飯にしよう。,Let's make mixed rice.,炊き込み【たきこみ】ご飯【ごはん】にしよう。,たきこみごはんにしよう。,japanese-cuisine,炊き込みご飯,mixed rice
天ぷらの衣を作って。,Make the tempura batter.,天ぷら【てんぷら】の衣【ころも】を作っ【つくっ】て。,てんぷらのころもを、つくって。,japanese-cuisine,衣,batter
照り焼きのタレを作る。,I'll make teriyaki sauce.,照り焼き【てりやき】のタレを作る【つくる】。,てりやきのタレを、つくる。,japanese-cuisine,タレ,sauce
とんかつを揚げます。,I'll fry the tonkatsu.,とんかつを揚げ【あげ】ます。,とんかつを、あげます。,japanese-cuisine,とんかつ,tonkatsu
親子丼が食べたい。,I want to eat oyakodon.,親子【おやこ】丼【どん】が食べ【たべ】たい。,おやこどんが、たべたい。,japanese-cuisine,親子丼,oyakodon
そばを茹でましょう。,Let's boil the soba.,そばを茹で【ゆで】ましょう。,そばを、ゆでましょう。,japanese-cuisine,そば,soba
うどんのだしを作って。,Make the udon broth.,うどんのだしを作っ【つくっ】て。,うどんのだしを、つくって。,japanese-cuisine,だし,broth
お茶漬けにしようか。,Shall we have ochazuke?,お茶漬け【ちゃづけ】にしようか。,おちゃづけにしようか。,japanese-cuisine,お茶漬け,ochazuke
おにぎりを握ります。,I'll make rice balls.,おにぎりを握り【にぎり】ます。,おにぎりを、にぎります。,japanese-cuisine,おにぎり,rice ball
巻き寿司を作ろう。,Let's make sushi rolls.,巻き寿司【まきずし】を作ろう【つくろう】。,巻きまきずしを、つくろう。,japanese-cuisine,巻き寿司,sushi rolls
自転車で行く。,I'll go by bicycle.,自転【じてん】車【しゃ】で行く【いく】。,じてんしゃでいく。,transportation,自転車,bicycle
バスに乗り遅れた。,I missed the bus.,バスに乗り【のり】遅れ【おくれ】た。,バスにのりおくれた。,transportation,バス,bus
駐車場はどこですか?,Where is the parking lot?,駐車【ちゅうしゃ】場【じょう】はどこですか?,ちゅうしゃじょうはどこですか?,transportation,駐車場,parking lot
駐輪場に止めてきた。,I parked at the bicycle parking.,駐輪【ちゅうりん】場【じょう】に止め【とめ】てきた。,ちゅうりんじょうにとめてきた。,transportation,駐輪場,bicycle parking
次のバスは何時ですか?,What time is the next bus?,次【つぎ】のバスは何時【いつ】ですか?,つぎのバスはいつですか?,transportation,バス,bus
電車が遅れている。,The train is delayed.,電車【でんしゃ】が遅れ【おくれ】ている。,でんしゃが、おくれている。,transportation,電車,train
切符を買ってくる。,I'll buy a ticket.,切符【きっぷ】を買っ【かっ】てくる。,きっぷを、かってくる。,transportation,切符,ticket
ICカードをチャージして。,Charge the IC card.,ICカードをチャージして。,ICカードを、チャージして。,transportation,ICカード,IC card
郵便局に行ってくる。,I'll go to the post office.,郵便【ゆうびん】局【きょく】に行っ【いっ】てくる。,ゆうびんきょくにいってくる。,errands,郵便局,post office
この手紙を出してきて。,Please mail this letter.,この手紙【てがみ】を出し【だし】てきて。,このてがみを、だしてきて。,errands,手紙,letter
荷物を送りたいのですが。,I'd like to send a package.,荷物【にもつ】を送り【おくり】たいのですが。,にもつを、おくりたいのですが。,errands,荷物,package
書留でお願いします。,Registered mail please.,書留【かきとめ】でお願い【ねがい】します。,かきとめでおねがいします。,errands,書留,registered mail
銀行で振り込みをした。,I made a bank transfer.,銀行【ぎんこう】で振り込み【ふりこみ】をした。,ぎんこうでふりこみを、した。,errands,銀行,bank
届け出を出しに行く。,I'll go submit the notification.,届け出【とどけで】を出し【だし】に行く【いく】。,とどけでを、だしにいく。,errands,届け出,notification
手続きに必要な書類は何ですか?,What documents do I need for the procedure?,手続き【てつづき】に必要【ひつよう】な書類【しょるい】は何【なん】ですか?,てつづきにひつようなしょるいはなんですか?,errands,書類,documents
ATMでお金を下ろしてくる。,I'll withdraw money from the ATM.,ATMでお金【かね】を下ろし【おろし】てくる。,ATMでおかねを、おろしてくる。,errands,お金,money
カフェでお茶しよう。,Let's have tea at a cafe.,カフェでお茶【ちゃ】しよう。,カフェでおちゃしよう。,cafe,カフェ,cafe
コーヒーをください。,Coffee please.,コーヒーをください。,コーヒーを、ください。,cafe,コーヒー,coffee
ケーキセットをお願いします。,Cake set please.,ケーキセットをお願い【ねがい】します。,ケーキセットを、おねがいします。,cafe,ケーキセット,cake set
テイクアウトできますか?,Can I get this to go?,テイクアウトできますか?,テイクアウトできますか?,cafe,テイクアウト,takeout
ここで食べます。,I'll eat here.,ここで食べ【たべ】ます。,ここでたべます。,cafe,ここで食べる,eat here
Wi-Fiはありますか?,Do you have Wi-Fi?,Wi-Fiはありますか?,Wi-Fiはありますか?,cafe,Wi-Fi,Wi-Fi
いつもお世話になっております。,Thank you for your continued support.,いつもお世話【せわ】になっております。,いつもおせわになっております。,polite,お世話になる,care/support
お忙しいところ申し訳ありません。,I'm sorry to bother you when you're busy.,お忙しい【いそがしい】ところ申し訳【もうしわけ】ありません。,おいそがしいところもうしわけありません。,polite,申し訳ありません,sorry
ご迷惑をおかけして申し訳ありません。,I'm sorry for the inconvenience.,ご迷惑【めいわく】をおかけして申し訳【もうしわけ】ありません。,ごめいわくを、おかけしてもうしわけありません。,polite,迷惑,inconvenience
お手数をおかけします。,I apologize for the trouble.,お手数【てすう】をおかけします。,おてすうを、おかけします。,polite,手数,trouble
よろしくお願いいたします。,Thank you in advance.,よろしくお願い【ねがい】いたします。,よろしくおねがいいたします。,polite,よろしくお願いします,please/thank you
ありがとうございました。,Thank you very much.,ありがとうございました。,ありがとうございました。,polite,ありがとう,thank you
失礼いたします。,Excuse me.,失礼【しつれい】いたします。,しつれいいたします。,polite,失礼,excuse me
少々お待ちください。,Please wait a moment.,少々【しょうしょう】お待ち【まち】ください。,しょうしょうおまちください。,polite,少々,a moment
かしこまりました。,Understood.,かしこまりました。,かしこまりました。,polite,かしこまりました,understood
恐れ入りますが。,I'm sorry to trouble you but.,恐れ入り【おそれいり】ますが。,おそれいりますが。,polite,恐れ入ります,excuse me
お先に失礼します。,Excuse me for leaving first.,お先【さき】に失礼【しつれい】します。,おさきにしつれいします。,polite,お先に失礼,leaving first
ご無沙汰しております。,It's been a long time.,ご無【む】沙汰【さた】しております。,ごむさたしております。,polite,ご無沙汰,long time no see
お変わりありませんか?,How have you been?,お変わり【かわり】ありませんか?,おかわりありませんか?,polite,お変わり,how are you
お大事になさってください。,Please take care of yourself.,お大事【だいじ】になさってください。,おだいじになさってください。,polite,お大事に,take care
110番に電話して!,Call 110!,110番【ばん】に電話【でんわ】して!,110ばんにでんわして!,emergency,110番,110 emergency
事故がありました。,There was an accident.,事故【じこ】がありました。,じこが、ありました。,emergency,事故,accident
住所は〇〇です。,The address is...,住所【じゅうしょ】は〇〇です。,じゅうしょは〇〇です。,emergency,住所,address
助けてください!,Help!,助け【たすけ】てください!,たすけてください!,emergency,助けて,help
警察を呼んでください。,Please call the police.,警察【けいさつ】を呼ん【よん】でください。,けいさつを、よんでください。,emergency,警察,police
119番に電話して!,Call 119!,119番【ばん】に電話【でんわ】して!,119ばんにでんわして!,emergency,119番,119 emergency
救急車をお願いします。,I need an ambulance.,救急【きゅうきゅう】車【しゃ】をお願い【ねがい】します。,きゅうきゅうしゃを、おねがいします。,emergency,救急車,ambulance
火事です!,Fire!,火事【かじ】です!,かじです!,emergency,火事,fire
電気代が高すぎる。,The electricity bill is too high.,電気【でんき】代【だい】が高【たか】すぎる。,でんきだいが、たかすぎる。,utilities,電気代,electricity bill
ガスの契約を変更したい。,I want to change the gas contract.,ガスの契約【けいやく】を変更【へんこう】したい。,ガスのけいやくを、へんこうしたい。,utilities,契約,contract
水道の検針日はいつですか?,When is the water meter reading day?,水道【すいどう】の検針【けんしん】日【ひ】はいつですか?,すいどうのけんしんひはいつですか?,utilities,検針日,meter reading day
インターネットが繋がらない。,The internet isn't connecting.,インターネットが繋がら【つながら】ない。,インターネットが、つながらない。,utilities,インターネット,internet
契約を解約したいのですが。,I'd like to cancel my contract.,契約【けいやく】を解約【かいやく】したいのですが。,けいやくを、かいやくしたいのですが。,utilities,解約,cancellation
料金プランを変えたい。,I want to change my rate plan.,料金【りょうきん】プランを変え【かえ】たい。,りょうきんプランを、かえたい。,utilities,料金プラン,rate plan
引っ越しの手続きをしたい。,I want to do the moving procedures.,引っ越し【ひっこし】の手続き【てつづき】をしたい。,ひっこしのてつづきを、したい。,utilities,引っ越し,moving
趣味は何ですか?,What are your hobbies?,趣味【しゅみ】は何【なん】ですか?,しゅみはなんですか?,hobbies,趣味,hobby
手芸を始めました。,I started doing handicrafts.,手芸【しゅげい】を始め【はじめ】ました。,しゅげいを、はじめました。,hobbies,手芸,handicrafts
ガーデニングが好きです。,I like gardening.,ガーデニングが好き【すき】です。,ガーデニングが、すきです。,hobbies,ガーデニング,gardening
読書が趣味です。,Reading is my hobby.,読書【どくしょ】が趣味【しゅみ】です。,どくしょが、しゅみです。,hobbies,読書,reading
料理教室に通っています。,I'm taking cooking classes.,料理【りょうり】教室【きょうしつ】に通っ【かよっ】ています。,りょうりきょうしつにかよっています。,hobbies,料理教室,cooking class
ピラティスを始めたい。,I want to start pilates.,ピラティスを始め【はじめ】たい。,ピラティスを、はじめたい。,hobbies,ピラティス,pilates
今週の献立を考えよう。,Let's plan this week's menu.,今週【こんしゅう】の献立【こんだて】を考えよう【かんがえよう】。,こんしゅうのこんだてを、かんがえよう。,meal-planning,献立,menu
作り置きを週末に作る。,I'll make batch dishes on the weekend.,作り置き【つくりおき】を週末【しゅうまつ】に作る【つくる】。,つくりおきを、しゅうまつにつくる。,meal-planning,作り置き,meal prep
お弁当の中身は何にする?,What should I put in the lunch box?,お弁当【べんとう】の中身【なかみ】は何【なに】にする?,おべんとうのなかみはなににする?,meal-planning,中身,contents
冷凍できるおかずを作ろう。,Let's make side dishes we can freeze.,冷凍【れいとう】できるおかずを作ろう【つくろう】。,れいとうできるおかずを、つくろう。,meal-planning,おかず,side dishes
栄養バランスを考えて。,Think about nutritional balance.,栄養【えいよう】バランスを考え【かんがえ】て。,えいようバランスを、かんがえて。,meal-planning,栄養バランス,nutritional balance
野菜が足りないかも。,We might not have enough vegetables.,野菜【やさい】が足り【たり】ないかも。,やさいが、たりないかも。,meal-planning,野菜,vegetables
魚を週2回は食べたい。,I want to eat fish twice a week.,魚【さかな】を週【しゅう】2回【かい】は食べ【たべ】たい。,さかなを、しゅう2かいはたべたい。,meal-planning,魚,fish
子供が好きなメニューにしよう。,Let's make a menu the kids like.,子供【こども】が好き【すき】なメニューにしよう。,こどもが、すきなメニューにしよう。,meal-planning,メニュー,menu
交番はどこですか?,Where is the police box?,交番【こうばん】はどこですか?,こうばんはどこですか?,police,交番,police box
届け出をしたいのですが。,I'd like to file a report.,届け出【とどけで】をしたいのですが。,とどけでを、したいのですが。,police,届け出,report
財布を盗まれました。,My wallet was stolen.,財布【さいふ】を盗ま【ぬすま】れました。,さいふを、ぬすまれました。,police,財布,wallet
被害届を出したいです。,I want to file a damage report.,被害【ひがい】届【とどけ】を出し【だし】たいです。,ひがいとどけを、だしたいです。,police,被害届,damage report
事故を目撃しました。,I witnessed an accident.,事故【じこ】を目撃【もくげき】しました。,じこを、もくげきしました。,police,目撃,witness
パスポートをなくしました。,I lost my passport.,パスポートをなくしました。,パスポートを、なくしました。,police,パスポート,passport
不審者を見ました。,I saw a suspicious person.,不審【ふしん】者【しゃ】を見【み】ました。,ふしんしゃを、みました。,police,不審者,suspicious person
ひったくりに遭いました。,I was mugged.,ひったくりに遭い【あい】ました。,ひったくりにあいました。,police,ひったくり,mugging
賃貸物件を探しています。,I'm looking for a rental property.,賃貸【ちんたい】物件【ぶっけん】を探し【さがし】ています。,ちんたいぶっけんを、さがしています。,housing,賃貸物件,rental property
不動産屋に行ってくる。,I'll go to the real estate agent.,不【ふ】動産【どうさん】屋【や】に行っ【いっ】てくる。,ふどうさんやにいってくる。,housing,不動産屋,real estate agent
家賃はいくらですか?,How much is the rent?,家賃【やちん】はいくらですか?,やちんはいくらですか?,housing,不動産屋,real estate agent
敷金と礼金は必要ですか?,Are deposit and key money required?,敷金【しききん】と礼金【れいきん】は必要【ひつよう】ですか?,しききんとれいきんはひつようですか?,housing,敷金と礼金,deposit and key money
大家さんに連絡しなきゃ。,I need to contact the landlord.,大家【おおや】さんに連絡【れんらく】しなきゃ。,おおやさんにれんらくしなきゃ。,housing,大家,landlord
管理組合の会議がある。,There's a condo association meeting.,管理【かんり】組合【くみあい】の会議【かいぎ】がある。,かんりくみあいのかいぎが、ある。,housing,管理組合,condo association
引っ越しの準備をしなきゃ。,I need to prepare for the move.,引っ越し【ひっこし】の準備【じゅんび】をしなきゃ。,ひっこしのじゅんびを、しなきゃ。,housing,引っ越し,moving
犬の散歩に行ってくる。,I'll take the dog for a walk.,犬【いぬ】の散歩【さんぽ】に行っ【いっ】てくる。,いぬのさんぽにいってくる。,pets,散歩,walk
猫のご飯をあげて。,Feed the cat.,猫【ねこ】のご飯【ごはん】をあげて。,ねこのごはんを、あげて。,pets,猫,cat
動物病院に連れて行く。,I'll take them to the vet.,動物【どうぶつ】病院【びょういん】に連れ【つれ】て行く【いく】。,どうぶつびょういんにつれていく。,pets,動物病院,vet
ペットフードを買わなきゃ。,I need to buy pet food.,ペットフードを買わ【かわ】なきゃ。,ペットフードを、かわなきゃ。,pets,ペットフード,pet food
予防接種の時期だ。,It's time for vaccinations.,予防【よぼう】接種【せっしゅ】の時期【じき】だ。,よぼうせっしゅのじきだ。,pets,予防接種,vaccination
塾は何曜日?,What day is cram school?,塾【じゅく】は何曜日【なんようび】?,じゅくはなんようび?,activities,塾,cram school
習い事を増やしたいの?,Do you want more lessons?,習い事【ならいごと】を増やし【ふやし】たいの?,ならいごとを、ふやしたいの?,activities,習い事,lessons
ピアノの練習をしなさい。,Practice the piano.,ピアノの練習【れんしゅう】をしなさい。,ピアノのれんしゅうを、しなさい。,activities,ピアノ,piano
サッカーの練習に送って行く。,I'll drive you to soccer practice.,サッカーの練習【れんしゅう】に送っ【おくっ】て行く【いく】。,サッカーのれんしゅうにおくっていく。,activities,サッカー,soccer
水泳教室は何時まで?,Until what time is swimming class?,水泳【すいえい】教室【きょうしつ】は何【なん】時【じ】まで?,すいえいきょうしつはなんじまで?,activities,水泳教室,swimming class
部活で遅くなる。,I'll be late because of club activities.,部活【ぶかつ】で遅く【おそく】なる。,ぶかつでおそくなる。,activities,部活,club activities
試合を見に行くね。,I'll come watch your game.,試合【しあい】を見【み】に行く【いく】ね。,しあいを、みにいくね。,activities,試合,game/match
発表会の衣装を準備して。,Prepare the costume for the recital.,発表【はっぴょう】会【かい】の衣装【いしょう】を準備【じゅんび】して。,はっぴょうかいのいしょうを、じゅんびして。,activities,衣装,costume
薬局はどこですか?,Where is the pharmacy?,薬局【やっきょく】はどこですか?,やっきょくはどこですか?,pharmacy,薬局,pharmacy
この処方箋をお願いします。,I'd like to fill this prescription.,この処方【しょほう】箋【せん】をお願い【ねがい】します。,このしょほうせんを、おねがいします。,pharmacy,処方箋,prescription
市販の風邪薬をください。,I'd like over-the-counter cold medicine.,市販【しはん】の風邪薬【かぜぐすり】をください。,しはんのかぜぐすりを、ください。,pharmacy,風邪薬,cold medicine
頭痛薬はありますか?,Do you have headache medicine?,頭痛【ずつう】薬【やく】はありますか?,ずつうやくはありますか?,pharmacy,頭痛薬,headache medicine
胃薬をください。,Stomach medicine please.,胃薬【いぐすり】をください。,いぐすりを、ください。,pharmacy,胃薬,stomach medicine
この薬に副作用はありますか?,Does this medicine have side effects?,この薬【くすり】に副【ふく】作用【さよう】はありますか?,このくすりにふくさようはありますか?,pharmacy,副作用,side effects
1日に何回飲みますか?,How many times a day do I take it?,1日【ついたち】に何【なん】回【かい】飲み【のみ】ますか?,1ついたちになんかいのみますか?,pharmacy,1日何回,times per day
食前ですか?食後ですか?,Before or after meals?,食前【しょくぜん】ですか?食後【しょくご】ですか?,しょくぜんですか?しょくごですか?,pharmacy,食前食後,before/after meals
エアコンが壊れた。,The air conditioner broke.,エアコンが壊れ【こわれ】た。,エアコンが、こわれた。,repairs,エアコン,air conditioner
修理を頼まなきゃ。,I need to call for repairs.,修理【しゅうり】を頼ま【たのま】なきゃ。,しゅうりを、たのまなきゃ。,repairs,修理,repair
業者さんに来てもらう。,I'll have a technician come.,業者【ぎょうしゃ】さんに来【き】てもらう。,ぎょうしゃさんにきてもらう。,repairs,業者,technician
見積もりをお願いします。,Please give me an estimate.,見積もり【みつもり】をお願い【ねがい】します。,みつもりを、おねがいします。,repairs,見積もり,estimate
水漏れがしている。,There's a water leak.,水漏れ【みずもれ】がしている。,みずもれが、している。,repairs,水漏れ,water leak
ガス点検の人が来ます。,The gas inspector is coming.,ガス点検【てんけん】の人【ひと】が来【き】ます。,ガスてんけんのひとが、きます。,repairs,ガス点検,gas inspection
今日のドラマ見た?,Did you watch today's drama?,今日【きょう】のドラマ見【み】た?,きょうのドラマみた?,tv,ドラマ,drama
この番組を録画して。,Record this program.,この番組【ばんぐみ】を録画【ろくが】して。,このばんぐみを、ろくがして。,tv,番組,program
ニュースを見よう。,Let's watch the news.,ニュースを見よう【みよう】。,ニュースを、みよう。,tv,ニュース,news
チャンネルを変えて。,Change the channel.,チャンネルを変え【かえ】て。,チャンネルを、かえて。,tv,チャンネル,channel
町内会の集まりがある。,There's a neighborhood association meeting.,町内【ちょうない】会【かい】の集まり【あつまり】がある。,ちょうないかいのあつまりが、ある。,neighborhood,町内会,neighborhood association
回覧板を回してください。,Please pass on the circular notice.,回覧【かいらん】板【ばん】を回し【まわし】てください。,かいらんばんを、まわしてください。,neighborhood,回覧板,circular notice
今週はゴミ当番です。,It's our turn for trash duty this week.,今週【こんしゅう】はゴミ当番【とうばん】です。,こんしゅうはゴミとうばんです。,neighborhood,ゴミ当番,trash duty
お隣に挨拶してきた。,I went to greet the neighbors.,お隣【となり】に挨拶【あいさつ】してきた。,おとなりにあいさつしてきた。,neighborhood,挨拶,greeting
引っ越してきたばかりです。,We just moved here.,引っ越し【ひっこし】てきたばかりです。,ひっこしてきたばかりです。,neighborhood,引っ越し,moving
この辺りは静かですね。,This area is quiet isn't it.,この辺り【あたり】は静か【しずか】ですね。,このあたりはしずかですね。,neighborhood,静か,quiet
自治会費を集めに来ました。,I came to collect the residents' association fee.,自治【じち】会費【かいひ】を集め【あつめ】に来【き】ました。,じちかいひを、あつめにきました。,neighborhood,自治会費,association fee
防災訓練に参加します。,I'll participate in the disaster drill.,防災【ぼうさい】訓練【くんれん】に参加【さんか】します。,ぼうさいくんれんにさんかします。,neighborhood,防災訓練,disaster drill
避難所はどこですか?,Where is the evacuation shelter?,避難【ひなん】所【しょ】はどこですか?,ひなんしょはどこですか?,evacuation,避難所,evacuation shelter
防災グッズを準備しよう。,Let's prepare emergency supplies.,防災【ぼうさい】グッズを準備【じゅんび】しよう。,ぼうさいグッズを、じゅんびしよう。,evacuation,防災グッズ,emergency supplies
非常食を買っておこう。,Let's buy emergency food.,非【ひ】常食【じょうしょく】を買っ【かっ】ておこう。,ひじょうしょくを、かっておこう。,evacuation,非常食,emergency food
懐中電灯はどこ?,Where is the flashlight?,懐中【かいちゅう】電灯【でんとう】はどこ?,かいちゅうでんとうはどこ?,evacuation,懐中電灯,flashlight
水を備蓄しておこう。,Let's stock up on water.,水【みず】を備蓄【びちく】しておこう。,みずを、びちくしておこう。,evacuation,備蓄,stockpile
避難経路を確認して。,Check the evacuation route.,避難【ひなん】経路【けいろ】を確認【かくにん】して。,ひなんけいろを、かくにんして。,evacuation,避難経路,evacuation route
携帯の充電をしておいて。,Charge your phone.,携帯【けいたい】の充電【じゅうでん】をしておいて。,けいたいのじゅうでんを、しておいて。,evacuation,充電,charge
衣替えをしなきゃ。,I need to switch out the seasonal clothes.,衣替え【ころもがえ】をしなきゃ。,ころもがえを、しなきゃ。,seasonal-tasks,衣替え,seasonal wardrobe
大掃除を始めよう。,Let's start the big cleaning.,大【だい】掃除【そうじ】を始めよう【はじめよう】。,だいそうじを、はじめよう。,seasonal-tasks,大掃除,big cleaning
模様替えをしたい。,I want to rearrange the room.,模様【もよう】替え【がえ】をしたい。,もようがえを、したい。,seasonal-tasks,模様替え,rearranging
冬物を出してきて。,Get out the winter clothes.,冬物【ふゆもの】を出し【だし】てきて。,ふゆものを、だしてきて。,seasonal-tasks,冬物,winter clothes
夏物をしまおう。,Let's put away the summer things.,夏物【なつもの】をしまおう。,なつものを、しまおう。,seasonal-tasks,夏物,summer clothes
庭の手入れをしなきゃ。,I need to tend to the garden.,庭【にわ】の手入れ【ていれ】をしなきゃ。,にわのていれを、しなきゃ。,seasonal-tasks,手入れ,maintenance
散髪に連れて行く。,I'll take them for a haircut.,散髪【さんぱつ】に連れ【つれ】て行く【いく】。,さんぱつにつれていく。,hair-salon,散髪,haircut
短めにしてください。,Please cut it short.,短め【みじかめ】にしてください。,みじかめにしてください。,hair-salon,短め,short
子供料金はありますか?,Is there a children's rate?,子供【こども】料金【りょうきん】はありますか?,こどもりょうきんはありますか?,hair-salon,子供料金,children's rate
前髪だけ切ってください。,Just trim the bangs please.,前髪【まえがみ】だけ切っ【きっ】てください。,まえがみだけきってください。,hair-salon,前髪,bangs
お中元を贈ります。,I'll send a mid-year gift.,お中元【ちゅうげん】を贈り【おくり】ます。,おちゅうげんを、おくります。,gifts,お中元,mid-year gift
お歳暮は何にしよう?,What should we send for year-end gifts?,お歳暮【せいぼ】は何【なに】にしよう?,おせいぼはなににしよう?,gifts,お歳暮,year-end gift
内祝いを準備しなきゃ。,I need to prepare a thank-you gift.,内祝い【うちいわい】を準備【じゅんび】しなきゃ。,うちいわいを、じゅんびしなきゃ。,gifts,内祝い,thank-you gift
香典を用意しなきゃ。,I need to prepare condolence money.,香典【こうでん】を用意【ようい】しなきゃ。,こうでんを、よういしなきゃ。,gifts,香典,condolence money
お祝いを贈りたいのですが。,I'd like to send a congratulatory gift.,お祝い【いわい】を贈り【おくり】たいのですが。,おいわいを、おくりたいのですが。,gifts,お祝い,celebration
熨斗をつけてください。,Please attach a noshi.,熨斗【のし】をつけてください。,のしを、つけてください。,gifts,熨斗,noshi
包装をお願いします。,Please wrap it.,包装【ほうそう】をお願い【ねがい】します。,ほうそうを、おねがいします。,gifts,包装,wrapping
お返しは何がいいかな?,What should I give in return?,お返し【がえし】は何【なに】がいいかな?,おがえしはなにが、いいかな?,gifts,お返し,return gift
もしもし。,Hello (on phone).,もしもし。,もしもし。,phone,もしもし,hello (phone)
〇〇ですが。,This is...,〇〇ですが。,〇〇ですが。,phone,〇〇ですが,this is (name)
少々お待ちください。,Please wait a moment.,少々【しょうしょう】お待ち【まち】ください。,しょうしょうおまちください。,phone,少々,a moment
伝言をお願いできますか?,Can I leave a message?,伝言【でんごん】をお願い【ねがい】できますか?,でんごんを、おねがいできますか?,phone,伝言,message
折り返しお電話いただけますか?,Could you call me back?,折り返し【おりかえし】お電話【でんわ】いただけますか?,おりかえしおでんわいただけますか?,phone,折り返し,callback
留守番電話にメッセージを残しました。,I left a message on the answering machine.,留守【るす】番【ばん】電話【でんわ】にメッセージを残し【のこし】ました。,るすばんでんわにメッセージを、のこしました。,phone,メッセージ,message
電話が切れた。,The call dropped.,電話【でんわ】が切れ【きれ】た。,でんわが、きれた。,phone,切れる,disconnect
ガソリンを満タンにしてください。,Fill it up please.,ガソリンを満タン【まんたん】にしてください。,ガソリンを、まんたんにしてください。,car,ガソリン,gasoline
車検の時期です。,It's time for vehicle inspection.,車検【しゃけん】の時期【じき】です。,しゃけんのじきです。,car,車検,vehicle inspection
駐車場を探しています。,I'm looking for parking.,駐車【ちゅうしゃ】場【じょう】を探し【さがし】ています。,ちゅうしゃじょうを、さがしています。,car,駐車場,parking
運転免許の更新に行く。,I'm going to renew my driver's license.,運転【うんてん】免許【めんきょ】の更新【こうしん】に行く【いく】。,うんてんめんきょのこうしんにいく。,car,運転免許,driver's license
タイヤを交換しなきゃ。,I need to change the tires.,タイヤを交換【こうかん】しなきゃ。,タイヤを、こうかんしなきゃ。,car,タイヤ,tires
オイル交換をお願いします。,Oil change please.,オイル交換【こうかん】をお願い【ねがい】します。,オイルこうかんを、おねがいします。,car,オイル交換,oil change
今日は晴れです。,It's sunny today.,今日【きょう】は晴れ【はれ】です。,きょうははれです。,weather,晴れ,sunny
明日は雨らしい。,It seems like rain tomorrow.,明日【あす】は雨【あめ】らしい。,あすはあめらしい。,weather,雨,rain
台風が近づいている。,A typhoon is approaching.,台風【たいふう】が近づい【ちかづい】ている。,たいふうが、ちかづいている。,weather,台風,typhoon
梅雨入りしたね。,The rainy season has started.,梅雨入り【つゆいり】したね。,つゆいりしたね。,weather,梅雨入り,rainy season start
猛暑日が続いている。,The extreme heat continues.,猛暑【もうしょ】日【じつ】が続い【つづい】ている。,もうしょじつが、つづいている。,weather,猛暑日,extreme heat day
花粉症がひどい。,My hay fever is bad.,花粉【かふん】症【しょう】がひどい。,かふんしょうが、ひどい。,weather,花粉症,hay fever
天気予報を見て。,Check the weather forecast.,天気【てんき】予報【よほう】を見【み】て。,てんきよほうを、みて。,weather,天気予報,weather forecast
傘を持って行ってね。,Take an umbrella.,傘【かさ】を持っ【もっ】て行っ【いっ】てね。,かさを、もっていってね。,weather,傘,umbrella
火事だ!逃げて!,Fire! Run!,火事【かじ】だ!逃げ【にげ】て!,かじだ!にげて!,fire,逃げる,run/escape
消火器はどこですか?,Where is the fire extinguisher?,消火【しょうか】器【き】はどこですか?,しょうかきはどこですか?,fire,消火器,fire extinguisher
煙が出ている!,There's smoke!,煙【けむり】が出【で】ている!,けむりが、でている!,fire,煙,smoke
非常口はどこですか?,Where is the emergency exit?,非常【ひじょう】口【くち】はどこですか?,ひじょうくちはどこですか?,fire,非常口,emergency exit
避難してください。,Please evacuate.,避難【ひなん】してください。,ひなんしてください。,fire,避難,evacuate
火を消して!,Put out the fire!,火【ひ】を消し【けし】て!,ひを、けして!,fire,火を消す,put out fire
クリーニングに出してくる。,I'll take this to the dry cleaner.,クリーニングに出し【だし】てくる。,クリーニングにだしてくる。,dry-cleaning,クリーニング,dry cleaning
シミ抜きをお願いします。,Please remove the stain.,シミ抜き【しみぬき】をお願い【ねがい】します。,シミしみぬきを、おねがいします。,dry-cleaning,シミ抜き,stain removal
仕上がりはいつですか?,When will it be ready?,仕上がり【しあがり】はいつですか?,しあがりはいつですか?,dry-cleaning,仕上がり,completion
受け取りに来ました。,I came to pick it up.,受け取り【うけとり】に来【き】ました。,うけとりにきました。,dry-cleaning,受け取り,pickup
今日は何曜日?,What day is it today?,今日【きょう】は何曜日【なんようび】?,きょうはなんようび?,time,何曜日,what day
来週の火曜日はどう?,How about next Tuesday?,来週【らいしゅう】の火曜【かよう】日【ひ】はどう?,らいしゅうのかようひはどう?,time,火曜日,Tuesday
再来週に予定がある。,I have plans the week after next.,再来【さらい】週【しゅう】に予定【よてい】がある。,さらいしゅうによていが、ある。,time,再来週,week after next
先日はありがとうございました。,Thank you for the other day.,先日【せんじつ】はありがとうございました。,せんじつはありがとうございました。,time,先日,the other day
月末までに終わらせて。,Finish it by the end of the month.,月末【げつまつ】までに終わら【おわら】せて。,げつまつまでにおわらせて。,time,月末,end of month
来月の予定を確認しよう。,Let's check next month's schedule.,来月【らいげつ】の予定【よてい】を確認【かくにん】しよう。,らいげつのよていを、かくにんしよう。,time,予定,schedule
朝の9時に集合です。,We meet at 9 AM.,朝【あさ】の9時【じ】に集合【しゅうごう】です。,あさの9じにしゅうごうです。,time,集合,gather/meet
夕方6時に帰ります。,I'll be back at 6 PM.,夕方【ゆうがた】6時【じ】に帰り【かえり】ます。,ゆうがた6じにかえります。,time,夕方,evening
意識がありません。,They're unconscious.,意識【いしき】がありません。,いしきが、ありません。,ambulance,意識,consciousness
呼吸をしていません。,They're not breathing.,呼吸【こきゅう】をしていません。,こきゅうを、していません。,ambulance,呼吸,breathing
出血がひどいです。,There's severe bleeding.,出血【しゅっけつ】がひどいです。,しゅっけつが、ひどいです。,ambulance,出血,bleeding
心臓マッサージをしています。,I'm doing chest compressions.,心臓【しんぞう】マッサージをしています。,しんぞうマッサージを、しています。,ambulance,心臓マッサージ,chest compressions
AEDはどこですか?,Where is the AED?,AEDはどこですか?,AEDはどこですか?,ambulance,AED,AED
応急処置をしてください。,Please give first aid.,応急【おうきゅう】処置【しょち】をしてください。,おうきゅうしょちを、してください。,ambulance,応急処置,first aid
百均で買い物しよう。,Let's shop at the 100 yen store.,百均【ひゃっきん】で買い物【かいもの】しよう。,ひゃっきんでかいものしよう。,hundred-yen,百均,100 yen store
ホームセンターに行く。,I'm going to the home center.,ホームセンターに行く【いく】。,ホームセンターにいく。,hundred-yen,ホームセンター,home center
収納グッズを探している。,I'm looking for storage items.,収納【しゅうのう】グッズを探し【さがし】ている。,しゅうのうグッズを、さがしている。,hundred-yen,収納グッズ,storage items
DIYの材料を買いたい。,I want to buy DIY materials.,DIYの材料【ざいりょう】を買い【かい】たい。,DIYのざいりょうを、かいたい。,hundred-yen,材料,materials
歯医者の予約を取った。,I made a dentist appointment.,歯【は】医者【いしゃ】の予約【よやく】を取っ【とっ】た。,はいしゃのよやくを、とった。,dentist,歯医者,dentist
虫歯があるみたい。,I think I have a cavity.,虫歯【むしば】があるみたい。,むしばが、あるみたい。,dentist,虫歯,cavity
歯が痛い。,My tooth hurts.,歯【は】が痛い【いたい】。,はが、いたい。,dentist,歯,tooth
歯磨きをちゃんとしてね。,Brush your teeth properly.,歯磨き【はみがき】をちゃんとしてね。,はみがきを、ちゃんとしてね。,dentist,歯磨き,brushing teeth
定期検診に行かなきゃ。,I need to go for a regular checkup.,定期【ていき】検診【けんしん】に行か【いか】なきゃ。,ていきけんしんにいかなきゃ。,dentist,定期検診,regular checkup
クリーニングをお願いします。,Cleaning please.,クリーニングをお願い【ねがい】します。,クリーニングを、おねがいします。,dentist,クリーニング,dental cleaning
苦情を言いたいのですが。,I'd like to make a complaint.,苦情【くじょう】を言い【いい】たいのですが。,くじょうを、いいたいのですが。,complaints,苦情,complaint
不良品でした。,It was defective.,不良【ふりょう】品【ひん】でした。,ふりょうひんでした。,complaints,不良品,defective product
返品したいのですが。,I'd like to return this.,返品【へんぴん】したいのですが。,へんぴんしたいのですが。,complaints,返品,return
交換してください。,Please exchange this.,交換【こうかん】してください。,こうかんしてください。,complaints,交換,replace
責任者を呼んでください。,Please call the manager.,責任【せきにん】者【しゃ】を呼ん【よん】でください。,せきにんしゃを、よんでください。,complaints,責任者,manager
どう対応してもらえますか?,How will you handle this?,どう対応【たいおう】してもらえますか?,どうたいおうしてもらえますか?,complaints,対応,handling
予約を取りたいのですが。,I'd like to make a reservation.,予約【よやく】を取り【とり】たいのですが。,よやくを、とりたいのですが。,appointments,予約,reservation
予約をキャンセルしたいのですが。,I'd like to cancel my reservation.,予約【よやく】をキャンセルしたいのですが。,よやくを、キャンセルしたいのですが。,appointments,キャンセル,cancel
予約を変更できますか?,Can I change my reservation?,予約【よやく】を変更【へんこう】できますか?,よやくを、へんこうできますか?,appointments,変更,change
何時が空いていますか?,What times are available?,何時【いつ】が空い【あい】ていますか?,いつが、あいていますか?,appointments,何時,what time
確認のお電話をいただけますか?,Could you call to confirm?,確認【かくにん】のお電話【でんわ】をいただけますか?,かくにんのおでんわを、いただけますか?,appointments,確認,confirmation
不審者がいます。,There's a suspicious person.,不審【ふしん】者【しゃ】がいます。,ふしんしゃが、います。,crime,不審者,suspicious person
泥棒に入られた。,We were robbed.,泥棒【どろぼう】に入ら【はいら】れた。,どろぼうにはいられた。,crime,泥棒,burglar
ストーカー被害に遭っています。,I'm being stalked.,ストーカー被害【ひがい】に遭っ【あっ】ています。,ストーカーひがいにあっています。,crime,ストーカー,stalking
変な電話がかかってきた。,I got a strange phone call.,変【へん】な電話【でんわ】がかかってきた。,へんなでんわが、かかってきた。,crime,変な電話,strange call
詐欺に遭いました。,I was scammed.,詐欺【さぎ】に遭い【あい】ました。,さぎにあいました。,crime,詐欺,fraud/scam
